<?xml version="1.0"?>
<doc>
    <assembly>
        <name>Ambient</name>
    </assembly>
    <members>
        <member name="T:Ambient.FormDemo">
            <summary>    User interface for the ambient controller. </summary> 
        </member>
        <member name="M:Ambient.FormDemo.render_Elapsed(System.Object,System.Timers.ElapsedEventArgs)">
             <summary>
             request that the current driver renders a frame to the display if a driver hasn't completed
             rendering the previous frame, drop this frame.
             </summary>
            
             <param name="sender">    Source of the event. </param>
             <param name="e">         Elapsed event information. </param>
        </member>
        <member name="M:Ambient.FormDemo.comboBoxStarfield_SelectedIndexChanged(System.Object,System.EventArgs)">
             <summary>
             the user has requested that we render to a different Starfield size, update the client.
             </summary>
            
             <param name="sender">    Source of the event. </param>
             <param name="e">         Event information. </param>
        </member>
        <member name="M:Ambient.FormDemo.reconnect">
            <summary>    connect to the new starfield. </summary> 
        </member>
        <member name="M:Ambient.FormDemo.trackBarBrightness_ValueChanged(System.Object,System.EventArgs)">
             <summary>
             the user wants to change the maximum brightness of the starfield, update the client.
             </summary>
            
             <param name="sender">    Source of the event. </param>
             <param name="e">         Event information. </param>
        </member>
        <member name="F:Ambient.FormDemo.components">
            <summary>
            Required designer variable.
            </summary>
        </member>
        <member name="M:Ambient.FormDemo.Dispose(System.Boolean)">
            <summary>
            Clean up any resources being used.
            </summary>
            <param name="disposing">true if managed resources should be disposed; otherwise, false.</param>
        </member>
        <member name="M:Ambient.FormDemo.InitializeComponent">
            <summary>
            Required method for Designer support - do not modify
            the contents of this method with the code editor.
            </summary>
        </member>
        <member name="T:Ambient.NamespaceDoc">
            <summary>    Default namespace for the Ambient Controller. </summary> 
        </member>
        <member name="M:Ambient.Program.Main">
            <summary>
            The main entry point for the application.
            </summary>
        </member>
        <member name="T:Ambient.Properties.Resources">
            <summary>
              A strongly-typed resource class, for looking up localized strings, etc.
            </summary>
        </member>
        <member name="P:Ambient.Properties.Resources.ResourceManager">
            <summary>
              Returns the cached ResourceManager instance used by this class.
            </summary>
        </member>
        <member name="P:Ambient.Properties.Resources.Culture">
            <summary>
              Overrides the current thread's CurrentUICulture property for all
              resource lookups using this strongly typed resource class.
            </summary>
        </member>
    </members>
</doc>
