<?xml version="1.0"?>
<doc>
    <assembly>
        <name>ControllerConfigGenerator</name>
    </assembly>
    <members>
        <member name="T:ControllerConfigGenerator.FormDemo">
            <summary>    User INterface for the Controller Config Generator tool. </summary> 
        </member>
        <member name="M:ControllerConfigGenerator.FormDemo.#ctor">
            <summary>    Default constructor. </summary> 
        </member>
        <member name="M:ControllerConfigGenerator.FormDemo.comboBoxAlgorithm_SelectedIndexChanged(System.Object,System.EventArgs)">
             <summary>
             the user has selected a new algorithm, stop the old one and start the new one.
             </summary>
            
             <param name="sender">    Source of the event. </param>
             <param name="e">         Event information. </param>
        </member>
        <member name="M:ControllerConfigGenerator.FormDemo.loadType(System.Type)">
             <summary>
             try loading an instance of the given type into the algorithm combo box the type must inherit
             from IStarfield driver, be a class, and not be abstract.
             </summary>
            
             <param name="type">  The type. </param>
        </member>
        <member name="F:ControllerConfigGenerator.FormDemo.components">
            <summary>
            Required designer variable.
            </summary>
        </member>
        <member name="M:ControllerConfigGenerator.FormDemo.Dispose(System.Boolean)">
            <summary>
            Clean up any resources being used.
            </summary>
            <param name="disposing">true if managed resources should be disposed; otherwise, false.</param>
        </member>
        <member name="M:ControllerConfigGenerator.FormDemo.InitializeComponent">
            <summary>
            Required method for Designer support - do not modify
            the contents of this method with the code editor.
            </summary>
        </member>
        <member name="T:ControllerConfigGenerator.NamespaceDoc">
            <summary>    Default namespace for the Configurable Controller Config Generator tool. </summary> 
        </member>
        <member name="M:ControllerConfigGenerator.Program.Main">
            <summary>
            The main entry point for the application.
            </summary>
        </member>
        <member name="T:AlgorithmDemo.Properties.Resources">
            <summary>
              A strongly-typed resource class, for looking up localized strings, etc.
            </summary>
        </member>
        <member name="P:AlgorithmDemo.Properties.Resources.ResourceManager">
            <summary>
              Returns the cached ResourceManager instance used by this class.
            </summary>
        </member>
        <member name="P:AlgorithmDemo.Properties.Resources.Culture">
            <summary>
              Overrides the current thread's CurrentUICulture property for all
              resource lookups using this strongly typed resource class.
            </summary>
        </member>
    </members>
</doc>
