<?xml version="1.0"?>
<doc>
    <assembly>
        <name>DualController</name>
    </assembly>
    <members>
        <member name="T:DualController.DriverLocation">
            <summary>    Values that represent driver location. </summary> 
        </member>
        <member name="T:DualController.FormDemo">
            <summary>    The GUI for the Dual Controller. </summary> 
        </member>
        <member name="M:DualController.FormDemo.#ctor">
            <summary>    Default constructor. </summary> 
        </member>
        <member name="M:DualController.FormDemo.FadeCompleted(DualController.DriverLocation,Starfield.StarfieldModel)">
             <summary>    Fade completed. </summary>
            
             <param name="type">      The type. </param>
             <param name="channel">   The channel. </param>
        </member>
        <member name="M:DualController.FormDemo.MixerExterior_FadeCompleted(System.Object,Starfield.StarfieldModel)">
             <summary>    Mixer exterior fade completed. </summary>
            
             <param name="Sender">    Source of the event. </param>
             <param name="channel">   The channel. </param>
        </member>
        <member name="M:DualController.FormDemo.MixerInterior_FadeCompleted(System.Object,Starfield.StarfieldModel)">
             <summary>    Mixer interior fade completed. </summary>
            
             <param name="Sender">    Source of the event. </param>
             <param name="channel">   The channel. </param>
        </member>
        <member name="M:DualController.FormDemo.render_Elapsed(System.Object,System.Timers.ElapsedEventArgs)">
             <summary>
             request that the current driver renders a frame to the display if a driver hasn't completed
             rendering the previous frame, drop this frame.
             </summary>
            
             <param name="sender">    Source of the event. </param>
             <param name="e">         Elapsed event information. </param>
        </member>
        <member name="M:DualController.FormDemo.comboBoxInteriorAlgorithm_SelectedIndexChanged(System.Object,System.EventArgs)">
             <summary>
             the user has selected a new algorithm, stop the old one and start the new one.
             </summary>
            
             <param name="sender">    Source of the event. </param>
             <param name="e">         Event information. </param>
        </member>
        <member name="M:DualController.FormDemo.reconnect">
            <summary>    connect to the new starfield. </summary> 
        </member>
        <member name="M:DualController.FormDemo.SwitchAlgorithm(System.Boolean,DualController.DriverLocation)">
             <summary>    Switch algorithm. </summary>
            
             <param name="running">   True to running. </param>
             <param name="driver">    The driver. </param>
        </member>
        <member name="M:DualController.FormDemo.buttonRestart_Click(System.Object,System.EventArgs)">
             <summary>    reset the current driver. </summary>
            
             <param name="sender">    Source of the event. </param>
             <param name="e">         Event information. </param>
        </member>
        <member name="M:DualController.FormDemo.trackBarInteriorBrightness_ValueChanged(System.Object,System.EventArgs)">
             <summary>
             the user wants to change the maximum brightness of the starfield, update the client.
             </summary>
            
             <param name="sender">    Source of the event. </param>
             <param name="e">         Event information. </param>
        </member>
        <member name="F:DualController.FormDemo.components">
            <summary>
            Required designer variable.
            </summary>
        </member>
        <member name="M:DualController.FormDemo.Dispose(System.Boolean)">
            <summary>
            Clean up any resources being used.
            </summary>
            <param name="disposing">true if managed resources should be disposed; otherwise, false.</param>
        </member>
        <member name="M:DualController.FormDemo.InitializeComponent">
            <summary>
            Required method for Designer support - do not modify
            the contents of this method with the code editor.
            </summary>
        </member>
        <member name="T:DualController.NamespaceDoc">
            <summary>    Default namespace for the dual controller. </summary> 
        </member>
        <member name="M:DualController.Program.Main">
            <summary>
            The main entry point for the application.
            </summary>
        </member>
        <member name="T:DualController.StarfieldMapper">
            <summary>
            maps a flat starfield back on to the cuboid starfield so that the underlying serialization
            works out properly.
            </summary>
        </member>
        <member name="M:DualController.StarfieldMapper.#ctor(Starfield.StarfieldModel,Starfield.StarfieldModel)">
             <summary>    Constructor. </summary>
            
             <param name="actual">    The actual. </param>
             <param name="flat">      The flat. </param>
        </member>
        <member name="M:DualController.StarfieldMapper.Clear">
            <summary>    set all LEDs to black. </summary> 
        </member>
        <member name="M:DualController.StarfieldMapper.SetColor(System.Int32,System.Int32,System.Int32,System.Drawing.Color)">
             <summary>    set the LED at (x, y, z) to the given color. </summary>
            
             <exception cref="T:System.InvalidOperationException"> Thrown when the requested operation is invalid. </exception>
            
             <param name="x">     The x coordinate. </param>
             <param name="y">     The y coordinate. </param>
             <param name="z">     The z coordinate. </param>
             <param name="color"> The color. </param>
        </member>
        <member name="M:DualController.StarfieldMapper.GetColor(System.Int32,System.Int32,System.Int32)">
             <summary>    returns the color of the LED at (x, y, z) </summary>
            
             <param name="x"> The x coordinate. </param>
             <param name="y"> The y coordinate. </param>
             <param name="z"> The z coordinate. </param>
            
             <returns>    The color. </returns>
        </member>
        <member name="T:DualController.Properties.Resources">
            <summary>
              A strongly-typed resource class, for looking up localized strings, etc.
            </summary>
        </member>
        <member name="P:DualController.Properties.Resources.ResourceManager">
            <summary>
              Returns the cached ResourceManager instance used by this class.
            </summary>
        </member>
        <member name="P:DualController.Properties.Resources.Culture">
            <summary>
              Overrides the current thread's CurrentUICulture property for all
              resource lookups using this strongly typed resource class.
            </summary>
        </member>
    </members>
</doc>
