<?xml version="1.0"?>
<doc>
    <assembly>
        <name>StarfieldDrivers</name>
    </assembly>
    <members>
        <member name="T:StarfieldDrivers.Animation.GameOfLife">
            <summary>    3D game of life. </summary> 
        </member>
        <member name="T:StarfieldDrivers.Animation.NamespaceDoc">
            <summary>    Misc animations that don't fit into other, more descriptive categories. </summary> 
        </member>
        <member name="T:StarfieldDrivers.Animation.RaverPlaid">
            <summary>    Multiple sin wave color combinations. </summary> 
        </member>
        <member name="M:StarfieldDrivers.Animation.RaverPlaid.Render(Starfield.StarfieldModel)">
             <summary>    Renders the given Starfield. </summary>
            
             <param name="Starfield"> The starfield. </param>
        </member>
        <member name="M:StarfieldDrivers.Animation.RaverPlaid.Start(Starfield.StarfieldModel)">
             <summary>    Starts the given starfield. </summary>
            
             <param name="Starfield"> The starfield. </param>
        </member>
        <member name="M:StarfieldDrivers.Animation.RaverPlaid.Stop">
            <summary>    Stops this object. </summary> 
        </member>
        <member name="M:StarfieldDrivers.Animation.RaverPlaid.ToString">
             <summary>    Returns a string that represents the current object. </summary>
            
             <returns>    A string that represents the current object. </returns>
        </member>
        <member name="T:StarfieldDrivers.Animation.RainbowTest">
            <summary>    Animated rainbow. </summary> 
        </member>
        <member name="T:StarfieldDrivers.Animation.CenterWave">
            <summary>    3D sin wave </summary> 
        </member>
        <member name="M:StarfieldDrivers.Animation.CenterWave.#ctor">
            <summary>    Default constructor. </summary> 
        </member>
        <member name="P:StarfieldDrivers.Animation.CenterWave.BackColor">
             <summary>    Gets or sets the color of the background. </summary>
            
             <value>  The color of the background. </value>
        </member>
        <member name="P:StarfieldDrivers.Animation.CenterWave.DrawColor">
             <summary>    Gets or sets the draw color if not using a rainbow. </summary>
            
             <value>  The color of the draw. </value>
        </member>
        <member name="P:StarfieldDrivers.Animation.CenterWave.Interval">
             <summary>    Gets or sets the interval between animation updates. </summary>
            
             <value>  The interval. </value>
        </member>
        <member name="P:StarfieldDrivers.Animation.CenterWave.Rainbow">
             <summary>    Gets or sets a value indicating whether or not to use single or rainbow colors rainbow. </summary>
            
             <value>  True if rainbow, false if not. </value>
        </member>
        <member name="M:StarfieldDrivers.Animation.CenterWave.Render(Starfield.StarfieldModel)">
             <summary>    Renders the given Starfield. </summary>
            
             <param name="Starfield"> The starfield. </param>
        </member>
        <member name="M:StarfieldDrivers.Animation.CenterWave.Starfield#IStarfieldDriver#Start(Starfield.StarfieldModel)">
             <summary>    Starts the given starfield. </summary>
            
             <param name="Starfield"> The starfield. </param>
        </member>
        <member name="M:StarfieldDrivers.Animation.CenterWave.Starfield#IStarfieldDriver#Stop">
            <summary>    Stops this object. </summary> 
        </member>
        <member name="M:StarfieldDrivers.Animation.CenterWave.ToString">
             <summary>    Returns a string that represents the current object. </summary>
            
             <returns>    A string that represents the current object. </returns>
        </member>
        <member name="T:StarfieldDrivers.Animation.Rain">
            <summary>    Animated rain storm with lightning. </summary> 
        </member>
        <member name="T:StarfieldDrivers.CFD.NamespaceDoc">
            <summary>    CFD based animations. </summary> 
        </member>
        <member name="T:StarfieldDrivers.CFD.FluidPour">
            <summary>    Animation based on pouring fluids. </summary> 
        </member>
        <member name="M:StarfieldDrivers.CFD.FluidPour.Render(Starfield.StarfieldModel)">
             <summary>    Renders the given Starfield. </summary>
            
             <param name="Starfield"> The starfield. </param>
        </member>
        <member name="M:StarfieldDrivers.CFD.FluidPour.Starfield#IStarfieldDriver#Start(Starfield.StarfieldModel)">
             <summary>    Starts the given starfield. </summary>
            
             <param name="Starfield"> The starfield. </param>
        </member>
        <member name="M:StarfieldDrivers.CFD.FluidPour.Starfield#IStarfieldDriver#Stop">
            <summary>    Stops this object. </summary> 
        </member>
        <member name="M:StarfieldDrivers.CFD.FluidPour.ToString">
             <summary>    Returns a string that represents the current object. </summary>
            
             <returns>    A string that represents the current object. </returns>
        </member>
        <member name="P:StarfieldDrivers.Flocking.BoidSwarms.AlternateDirections">
             <summary>    Gets or sets a value indicating whether to use alternate directions. </summary>
            
             <value>  True if alternate directions, false if not. </value>
        </member>
        <member name="P:StarfieldDrivers.Flocking.BoidSwarms.GoalThreshold">
             <summary>    Gets or sets the goal threshold. </summary>
            
             <value>  The goal threshold. </value>
        </member>
        <member name="P:StarfieldDrivers.Flocking.BoidSwarms.LocationMultiplier">
             <summary>    Gets or sets the location multiplier. </summary>
            
             <value>  The location multiplier. </value>
        </member>
        <member name="P:StarfieldDrivers.Flocking.BoidSwarms.NumBoidsPerSwarm">
             <summary>    Gets or sets the number of boids per swarms. </summary>
            
             <value>  The total number of boids per swarm. </value>
        </member>
        <member name="P:StarfieldDrivers.Flocking.BoidSwarms.NumSwarms">
             <summary>    Gets or sets the number of swarms. </summary>
            
             <value>  The total number of swarms. </value>
        </member>
        <member name="P:StarfieldDrivers.Flocking.BoidSwarms.Trails">
             <summary>    Gets or sets a value indicating whether to draw trails. </summary>
            
             <value>  True if trails, false if not. </value>
        </member>
        <member name="M:StarfieldDrivers.Flocking.BoidSwarms.#ctor">
            <summary>    Default constructor. </summary> 
        </member>
        <member name="M:StarfieldDrivers.Flocking.BoidSwarms.Render(Starfield.StarfieldModel)">
             <summary>    Renders the given Starfield. </summary>
            
             <param name="Starfield"> The starfield. </param>
        </member>
        <member name="M:StarfieldDrivers.Flocking.BoidSwarms.Starfield#IStarfieldDriver#Start(Starfield.StarfieldModel)">
             <summary>    Starts the given starfield. </summary>
            
             <param name="Starfield"> The starfield. </param>
        </member>
        <member name="M:StarfieldDrivers.Flocking.BoidSwarms.Starfield#IStarfieldDriver#Stop">
            <summary>    Stops this object. </summary> 
        </member>
        <member name="M:StarfieldDrivers.Flocking.BoidSwarms.ToString">
             <summary>    Returns a string that represents the current object. </summary>
            
             <returns>    A string that represents the current object. </returns>
        </member>
        <member name="T:StarfieldDrivers.Flocking.NamespaceDoc">
            <summary>    Animations based on flocking behavior. </summary> 
        </member>
        <member name="T:StarfieldDrivers.Fractal.NamespaceDoc">
            <summary>    Fractal based animations. </summary> 
        </member>
        <member name="T:StarfieldDrivers.Fractal.FractalFlame">
            <summary>    A 3D fractal flame. </summary> 
        </member>
        <member name="T:StarfieldDrivers.Fractal.FractalFlame.State">
            <summary>    Values that represent the states of this animation. </summary> 
        </member>
        <member name="T:StarfieldDrivers.Fractal.FractalFlame.Variants">
            <summary>    Values that represent variants. </summary> 
        </member>
        <member name="T:StarfieldDrivers.Fractal.FractalFlame.ColorStruct">
            <summary>    A color structure. </summary> 
        </member>
        <member name="P:StarfieldDrivers.Fractal.FractalFlame.NumSteps">
             <summary>    Gets or sets the number of steps in this animation. </summary>
            
             <value>  The total number of steps. </value>
        </member>
        <member name="P:StarfieldDrivers.Fractal.FractalFlame.PrimaryColor">
             <summary>    Gets or sets the primary color. </summary>
            
             <value>  The color of the primary. </value>
        </member>
        <member name="P:StarfieldDrivers.Fractal.FractalFlame.SecondaryColor">
             <summary>    Gets or sets the secondary color. </summary>
            
             <value>  The color of the secondary. </value>
        </member>
        <member name="M:StarfieldDrivers.Fractal.FractalFlame.#ctor">
            <summary>    Default constructor. </summary> 
        </member>
        <member name="M:StarfieldDrivers.Fractal.FractalFlame.Starfield#IStarfieldDriver#Render(Starfield.StarfieldModel)">
             <summary>    Renders the given Starfield. </summary>
            
             <param name="Starfield"> The starfield. </param>
        </member>
        <member name="M:StarfieldDrivers.Fractal.FractalFlame.Starfield#IStarfieldDriver#Start(Starfield.StarfieldModel)">
             <summary>    Starts the given starfield. </summary>
            
             <param name="Starfield"> The starfield. </param>
        </member>
        <member name="M:StarfieldDrivers.Fractal.FractalFlame.Starfield#IStarfieldDriver#Stop">
            <summary>    Stops this object. </summary> 
        </member>
        <member name="M:StarfieldDrivers.Fractal.FractalFlame.ToString">
             <summary>    Returns a string that represents the current object. </summary>
            
             <returns>    A string that represents the current object. </returns>
        </member>
        <member name="T:StarfieldDrivers.Fractal.FractalFlame4D">
            <summary>    4D Fractal Flame Animation. </summary> 
        </member>
        <member name="T:StarfieldDrivers.Fractal.FractalFlame4D.State">
            <summary>    Values that represent states for this animation. </summary> 
        </member>
        <member name="T:StarfieldDrivers.Fractal.FractalFlame4D.Variants">
            <summary>    Values that represent variants for this animation. </summary> 
        </member>
        <member name="T:StarfieldDrivers.Fractal.FractalFlame4D.ColorStruct">
            <summary>    A color structure. </summary> 
        </member>
        <member name="P:StarfieldDrivers.Fractal.FractalFlame4D.HoldTime">
             <summary>    Gets or sets how long to hold the final visual before switching to a new one. </summary>
            
             <value>  The hold time. </value>
        </member>
        <member name="P:StarfieldDrivers.Fractal.FractalFlame4D.NumSteps">
             <summary>    Gets or sets the number of steps in the animation. </summary>
            
             <value>  The total number of steps. </value>
        </member>
        <member name="P:StarfieldDrivers.Fractal.FractalFlame4D.PrimaryColor">
             <summary>    Gets or sets the primary color. </summary>
            
             <value>  The color of the primary. </value>
        </member>
        <member name="P:StarfieldDrivers.Fractal.FractalFlame4D.SecondaryColor">
             <summary>    Gets or sets the secondary color. </summary>
            
             <value>  The color of the secondary. </value>
        </member>
        <member name="P:StarfieldDrivers.Fractal.FractalFlame4D.SubTimeSteps">
             <summary>    Gets or sets the sub time steps. </summary>
            
             <value>  The sub time steps. </value>
        </member>
        <member name="M:StarfieldDrivers.Fractal.FractalFlame4D.#ctor">
            <summary>    Default constructor. </summary> 
        </member>
        <member name="M:StarfieldDrivers.Fractal.FractalFlame4D.Starfield#IStarfieldDriver#Render(Starfield.StarfieldModel)">
             <summary>    Renders the given Starfield. </summary>
            
             <param name="Starfield"> The starfield. </param>
        </member>
        <member name="M:StarfieldDrivers.Fractal.FractalFlame4D.Starfield#IStarfieldDriver#Start(Starfield.StarfieldModel)">
             <summary>    Starts the given starfield. </summary>
            
             <param name="Starfield"> The starfield. </param>
        </member>
        <member name="M:StarfieldDrivers.Fractal.FractalFlame4D.Starfield#IStarfieldDriver#Stop">
            <summary>    Stops this object. </summary> 
        </member>
        <member name="M:StarfieldDrivers.Fractal.FractalFlame4D.ToString">
             <summary>    Returns a string that represents the current object. </summary>
            
             <returns>    A string that represents the current object. </returns>
        </member>
        <member name="T:StarfieldDrivers.Noise.Simplex.NamespaceDoc">
            <summary>    Simplex noise based animations. </summary> 
        </member>
        <member name="T:StarfieldDrivers.Noise.Simplex.RainbowSimplexSmoothed">
            <summary>    A smooth simplex noise rainbow gradient. </summary> 
        </member>
        <member name="P:StarfieldDrivers.Noise.Simplex.RainbowSimplexSmoothed.CapAtMax">
             <summary>    Gets or sets a value indicating whether to clamp the noise values. </summary>
            
             <value>  True if values should be clamped, false if not. </value>
        </member>
        <member name="P:StarfieldDrivers.Noise.Simplex.RainbowSimplexSmoothed.NumOctaves">
             <summary>    Gets or sets the number of octaves. </summary>
            
             <value>  The total number of octaves. </value>
        </member>
        <member name="P:StarfieldDrivers.Noise.Simplex.RainbowSimplexSmoothed.Persistance">
             <summary>    Gets or sets the persistance. </summary>
            
             <value>  The persistance. </value>
        </member>
        <member name="P:StarfieldDrivers.Noise.Simplex.RainbowSimplexSmoothed.Lacunarity">
             <summary>    Gets or sets the lacunarity. </summary>
            
             <value>  The lacunarity. </value>
        </member>
        <member name="P:StarfieldDrivers.Noise.Simplex.RainbowSimplexSmoothed.TimeStep">
             <summary>    Gets or sets the time step. </summary>
            
             <value>  The time step. </value>
        </member>
        <member name="M:StarfieldDrivers.Noise.Simplex.RainbowSimplexSmoothed.#ctor">
            <summary>    Default constructor. </summary> 
        </member>
        <member name="M:StarfieldDrivers.Noise.Simplex.RainbowSimplexSmoothed.Starfield#IStarfieldDriver#Render(Starfield.StarfieldModel)">
             <summary>    Renders the given Starfield. </summary>
            
             <param name="Starfield"> The starfield. </param>
        </member>
        <member name="M:StarfieldDrivers.Noise.Simplex.RainbowSimplexSmoothed.Starfield#IStarfieldDriver#Start(Starfield.StarfieldModel)">
             <summary>    Starts the given starfield. </summary>
            
             <param name="Starfield"> The starfield. </param>
        </member>
        <member name="M:StarfieldDrivers.Noise.Simplex.RainbowSimplexSmoothed.Starfield#IStarfieldDriver#Stop">
            <summary>    Stops this object. </summary> 
        </member>
        <member name="M:StarfieldDrivers.Noise.Simplex.RainbowSimplexSmoothed.ToString">
             <summary>    Returns a string that represents the current object. </summary>
            
             <returns>    A string that represents the current object. </returns>
        </member>
        <member name="T:StarfieldDrivers.Noise.Simplex.RainbowSimplex">
            <summary>    Simplex noise based rainbows. </summary> 
        </member>
        <member name="P:StarfieldDrivers.Noise.Simplex.RainbowSimplex.CapAtMax">
             <summary>    Gets or sets a value indicating whether to clamp noise values. </summary>
            
             <value>  True if values should be capped, false if not. </value>
        </member>
        <member name="P:StarfieldDrivers.Noise.Simplex.RainbowSimplex.NumOctaves">
             <summary>    Gets or sets the number of octaves. </summary>
            
             <value>  The total number of octaves. </value>
        </member>
        <member name="P:StarfieldDrivers.Noise.Simplex.RainbowSimplex.Persistance">
             <summary>    Gets or sets the persistance. </summary>
            
             <value>  The persistance. </value>
        </member>
        <member name="P:StarfieldDrivers.Noise.Simplex.RainbowSimplex.Lacunarity">
             <summary>    Gets or sets the lacunarity. </summary>
            
             <value>  The lacunarity. </value>
        </member>
        <member name="P:StarfieldDrivers.Noise.Simplex.RainbowSimplex.TimeStep">
             <summary>    Gets or sets the time step. </summary>
            
             <value>  The time step. </value>
        </member>
        <member name="M:StarfieldDrivers.Noise.Simplex.RainbowSimplex.#ctor">
            <summary>    Default constructor. </summary> 
        </member>
        <member name="M:StarfieldDrivers.Noise.Simplex.RainbowSimplex.Starfield#IStarfieldDriver#Render(Starfield.StarfieldModel)">
             <summary>    Renders the given Starfield. </summary>
            
             <param name="Starfield"> The starfield. </param>
        </member>
        <member name="M:StarfieldDrivers.Noise.Simplex.RainbowSimplex.Starfield#IStarfieldDriver#Start(Starfield.StarfieldModel)">
             <summary>    Starts the given starfield. </summary>
            
             <param name="Starfield"> The starfield. </param>
        </member>
        <member name="M:StarfieldDrivers.Noise.Simplex.RainbowSimplex.Starfield#IStarfieldDriver#Stop">
            <summary>    Stops this object. </summary> 
        </member>
        <member name="M:StarfieldDrivers.Noise.Simplex.RainbowSimplex.ToString">
             <summary>    Returns a string that represents the current object. </summary>
            
             <returns>    A string that represents the current object. </returns>
        </member>
        <member name="T:StarfieldDrivers.Noise.Simplex.NoisyRainbowSimplexSmoothed">
            <summary>    A noisy smoothed simplex based rainbow gradient. </summary> 
        </member>
        <member name="P:StarfieldDrivers.Noise.Simplex.NoisyRainbowSimplexSmoothed.CapAtMax">
             <summary>    Gets or sets a value indicating whether to clamp noise values. </summary>
            
             <value>  True if values should be capped, false if not. </value>
        </member>
        <member name="P:StarfieldDrivers.Noise.Simplex.NoisyRainbowSimplexSmoothed.NumOctaves">
             <summary>    Gets or sets the number of octaves. </summary>
            
             <value>  The total number of octaves. </value>
        </member>
        <member name="P:StarfieldDrivers.Noise.Simplex.NoisyRainbowSimplexSmoothed.Persistance">
             <summary>    Gets or sets the persistance. </summary>
            
             <value>  The persistance. </value>
        </member>
        <member name="P:StarfieldDrivers.Noise.Simplex.NoisyRainbowSimplexSmoothed.Lacunarity">
             <summary>    Gets or sets the lacunarity. </summary>
            
             <value>  The lacunarity. </value>
        </member>
        <member name="P:StarfieldDrivers.Noise.Simplex.NoisyRainbowSimplexSmoothed.TimeStep">
             <summary>    Gets or sets the time step. </summary>
            
             <value>  The time step. </value>
        </member>
        <member name="P:StarfieldDrivers.Noise.Simplex.NoisyRainbowSimplexSmoothed.TimeDiv">
             <summary>    Gets or sets the time div. </summary>
            
             <value>  The time div. </value>
        </member>
        <member name="M:StarfieldDrivers.Noise.Simplex.NoisyRainbowSimplexSmoothed.#ctor">
            <summary>    Default constructor. </summary> 
        </member>
        <member name="M:StarfieldDrivers.Noise.Simplex.NoisyRainbowSimplexSmoothed.Starfield#IStarfieldDriver#Render(Starfield.StarfieldModel)">
             <summary>    Renders the given Starfield. </summary>
            
             <param name="Starfield"> The starfield. </param>
        </member>
        <member name="M:StarfieldDrivers.Noise.Simplex.NoisyRainbowSimplexSmoothed.Starfield#IStarfieldDriver#Start(Starfield.StarfieldModel)">
             <summary>    Starts the given starfield. </summary>
            
             <param name="Starfield"> The starfield. </param>
        </member>
        <member name="M:StarfieldDrivers.Noise.Simplex.NoisyRainbowSimplexSmoothed.Starfield#IStarfieldDriver#Stop">
            <summary>    Stops this object. </summary> 
        </member>
        <member name="M:StarfieldDrivers.Noise.Simplex.NoisyRainbowSimplexSmoothed.ToString">
             <summary>    Returns a string that represents the current object. </summary>
            
             <returns>    A string that represents the current object. </returns>
        </member>
        <member name="T:StarfieldDrivers.Noise.Simplex.SimplexClouds">
            <summary>    Simplex noise based clouds. </summary> 
        </member>
        <member name="P:StarfieldDrivers.Noise.Simplex.SimplexClouds.CapAtMax">
             <summary>    Gets or sets a value indicating whether noise values should be clamped. </summary>
            
             <value>  True if values should be clamped, false if not. </value>
        </member>
        <member name="P:StarfieldDrivers.Noise.Simplex.SimplexClouds.Fade">
             <summary>    Gets or sets a value indicating whether the fade. </summary>
            
             <value>  True if fade, false if not. </value>
        </member>
        <member name="P:StarfieldDrivers.Noise.Simplex.SimplexClouds.FadeInThreshold">
             <summary>    Gets or sets the fade in threshold. </summary>
            
             <value>  The fade in threshold. </value>
        </member>
        <member name="P:StarfieldDrivers.Noise.Simplex.SimplexClouds.HighContrast">
             <summary>    Gets or sets a value indicating whether the high contrast. </summary>
            
             <value>  True if high contrast, false if not. </value>
        </member>
        <member name="P:StarfieldDrivers.Noise.Simplex.SimplexClouds.Lacunarity">
             <summary>    Gets or sets the lacunarity. </summary>
            
             <value>  The lacunarity. </value>
        </member>
        <member name="P:StarfieldDrivers.Noise.Simplex.SimplexClouds.NumOctaves">
             <summary>    Gets or sets the number of octaves. </summary>
            
             <value>  The total number of octaves. </value>
        </member>
        <member name="P:StarfieldDrivers.Noise.Simplex.SimplexClouds.Persistance">
             <summary>    Gets or sets the persistance. </summary>
            
             <value>  The persistance. </value>
        </member>
        <member name="P:StarfieldDrivers.Noise.Simplex.SimplexClouds.PrimaryColor">
             <summary>    Gets or sets the primary color. </summary>
            
             <value>  The color of the primary. </value>
        </member>
        <member name="P:StarfieldDrivers.Noise.Simplex.SimplexClouds.SecondaryColor">
             <summary>    Gets or sets the secondary color. </summary>
            
             <value>  The color of the secondary. </value>
        </member>
        <member name="P:StarfieldDrivers.Noise.Simplex.SimplexClouds.TimeStep">
             <summary>    Gets or sets the time step. </summary>
            
             <value>  The time step. </value>
        </member>
        <member name="P:StarfieldDrivers.Noise.Simplex.SimplexClouds.Threshold">
             <summary>    Gets or sets the threshold. </summary>
            
             <value>  The threshold. </value>
        </member>
        <member name="M:StarfieldDrivers.Noise.Simplex.SimplexClouds.Starfield#IStarfieldDriver#Render(Starfield.StarfieldModel)">
             <summary>    Renders the given Starfield. </summary>
            
             <param name="Starfield"> The starfield. </param>
        </member>
        <member name="M:StarfieldDrivers.Noise.Simplex.SimplexClouds.Starfield#IStarfieldDriver#Start(Starfield.StarfieldModel)">
             <summary>    Starts the given starfield. </summary>
            
             <param name="Starfield"> The starfield. </param>
        </member>
        <member name="M:StarfieldDrivers.Noise.Simplex.SimplexClouds.Starfield#IStarfieldDriver#Stop">
            <summary>    Stops this object. </summary> 
        </member>
        <member name="M:StarfieldDrivers.Noise.Simplex.SimplexClouds.ToString">
             <summary>    Returns a string that represents the current object. </summary>
            
             <returns>    A string that represents the current object. </returns>
        </member>
        <member name="T:StarfieldDrivers.Noise.Simplex.SimplexColumnsAndCurtains">
            <summary>    Simplex noise based columns and curtains. </summary> 
        </member>
        <member name="P:StarfieldDrivers.Noise.Simplex.SimplexColumnsAndCurtains.CapAtMax">
             <summary>    Gets or sets a value indicating whether to clamp noise values. </summary>
            
             <value>  True if values should be capped, false if not. </value>
        </member>
        <member name="P:StarfieldDrivers.Noise.Simplex.SimplexColumnsAndCurtains.Fade">
             <summary>    Gets or sets a value indicating whether or not to fade the edges. </summary>
            
             <value>  True if fade, false if not. </value>
        </member>
        <member name="P:StarfieldDrivers.Noise.Simplex.SimplexColumnsAndCurtains.FadeInThreshold">
             <summary>    Gets or sets the fade in threshold. </summary>
            
             <value>  The fade in threshold. </value>
        </member>
        <member name="P:StarfieldDrivers.Noise.Simplex.SimplexColumnsAndCurtains.HighContrast">
             <summary>    Gets or sets a value indicating whether or not to render in high contrast (single color). </summary>
            
             <value>  True if high contrast, false if not. </value>
        </member>
        <member name="P:StarfieldDrivers.Noise.Simplex.SimplexColumnsAndCurtains.Lacunarity">
             <summary>    Gets or sets the lacunarity. </summary>
            
             <value>  The lacunarity. </value>
        </member>
        <member name="P:StarfieldDrivers.Noise.Simplex.SimplexColumnsAndCurtains.LowerThreshold">
             <summary>    Gets or sets the lower threshold. </summary>
            
             <value>  The lower threshold. </value>
        </member>
        <member name="P:StarfieldDrivers.Noise.Simplex.SimplexColumnsAndCurtains.NumOctaves">
             <summary>    Gets or sets the number of octaves. </summary>
            
             <value>  The total number of octaves. </value>
        </member>
        <member name="P:StarfieldDrivers.Noise.Simplex.SimplexColumnsAndCurtains.Persistance">
             <summary>    Gets or sets the persistance. </summary>
            
             <value>  The persistance. </value>
        </member>
        <member name="P:StarfieldDrivers.Noise.Simplex.SimplexColumnsAndCurtains.PrimaryColor">
             <summary>    Gets or sets the primary color of the gradient. </summary>
            
             <value>  The color of the primary. </value>
        </member>
        <member name="P:StarfieldDrivers.Noise.Simplex.SimplexColumnsAndCurtains.SecondaryColor">
             <summary>    Gets or sets the secondary color of the gradient. </summary>
            
             <value>  The color of the secondary. </value>
        </member>
        <member name="P:StarfieldDrivers.Noise.Simplex.SimplexColumnsAndCurtains.TimeStep">
             <summary>    Gets or sets the time step. </summary>
            
             <value>  The time step. </value>
        </member>
        <member name="P:StarfieldDrivers.Noise.Simplex.SimplexColumnsAndCurtains.UpperThreshold">
             <summary>    Gets or sets the upper threshold. </summary>
            
             <value>  The upper threshold. </value>
        </member>
        <member name="M:StarfieldDrivers.Noise.Simplex.SimplexColumnsAndCurtains.Starfield#IStarfieldDriver#Render(Starfield.StarfieldModel)">
             <summary>    Renders the given Starfield. </summary>
            
             <param name="Starfield"> The starfield. </param>
        </member>
        <member name="M:StarfieldDrivers.Noise.Simplex.SimplexColumnsAndCurtains.Starfield#IStarfieldDriver#Start(Starfield.StarfieldModel)">
             <summary>    Starts the given starfield. </summary>
            
             <param name="Starfield"> The starfield. </param>
        </member>
        <member name="M:StarfieldDrivers.Noise.Simplex.SimplexColumnsAndCurtains.Starfield#IStarfieldDriver#Stop">
            <summary>    Stops this object. </summary> 
        </member>
        <member name="M:StarfieldDrivers.Noise.Simplex.SimplexColumnsAndCurtains.ToString">
             <summary>    Returns a string that represents the current object. </summary>
            
             <returns>    A string that represents the current object. </returns>
        </member>
        <member name="T:StarfieldDrivers.Noise.Simplex.SimplexCurtains">
            <summary>    Simplex noise based curtains. </summary> 
        </member>
        <member name="P:StarfieldDrivers.Noise.Simplex.SimplexCurtains.CapAtMax">
             <summary>    Gets or sets a value indicating whether to clamp noise values. </summary>
            
             <value>  True if values should be capped, false if not. </value>
        </member>
        <member name="P:StarfieldDrivers.Noise.Simplex.SimplexCurtains.HighContrast">
             <summary>    Gets or sets a value indicating whether or not to render high contrast (single color). </summary>
            
             <value>  True if high contrast, false if not. </value>
        </member>
        <member name="P:StarfieldDrivers.Noise.Simplex.SimplexCurtains.Lacunarity">
             <summary>    Gets or sets the lacunarity. </summary>
            
             <value>  The lacunarity. </value>
        </member>
        <member name="P:StarfieldDrivers.Noise.Simplex.SimplexCurtains.LowerThreshold">
             <summary>    Gets or sets the lower threshold. </summary>
            
             <value>  The lower threshold. </value>
        </member>
        <member name="P:StarfieldDrivers.Noise.Simplex.SimplexCurtains.NumOctaves">
             <summary>    Gets or sets the number of octaves. </summary>
            
             <value>  The total number of octaves. </value>
        </member>
        <member name="P:StarfieldDrivers.Noise.Simplex.SimplexCurtains.Persistance">
             <summary>    Gets or sets the persistance. </summary>
            
             <value>  The persistance. </value>
        </member>
        <member name="P:StarfieldDrivers.Noise.Simplex.SimplexCurtains.PrimaryColor">
             <summary>    Gets or sets the primary color of the gradient. </summary>
            
             <value>  The color of the primary. </value>
        </member>
        <member name="P:StarfieldDrivers.Noise.Simplex.SimplexCurtains.SecondaryColor">
             <summary>    Gets or sets the secondary color of the gradient. </summary>
            
             <value>  The color of the secondary. </value>
        </member>
        <member name="P:StarfieldDrivers.Noise.Simplex.SimplexCurtains.TimeStep">
             <summary>    Gets or sets the time step. </summary>
            
             <value>  The time step. </value>
        </member>
        <member name="P:StarfieldDrivers.Noise.Simplex.SimplexCurtains.UpperThreshold">
             <summary>    Gets or sets the upper threshold. </summary>
            
             <value>  The upper threshold. </value>
        </member>
        <member name="M:StarfieldDrivers.Noise.Simplex.SimplexCurtains.Starfield#IStarfieldDriver#Render(Starfield.StarfieldModel)">
             <summary>    Renders the given Starfield. </summary>
            
             <param name="Starfield"> The starfield. </param>
        </member>
        <member name="M:StarfieldDrivers.Noise.Simplex.SimplexCurtains.Starfield#IStarfieldDriver#Start(Starfield.StarfieldModel)">
             <summary>    Starts the given starfield. </summary>
            
             <param name="Starfield"> The starfield. </param>
        </member>
        <member name="M:StarfieldDrivers.Noise.Simplex.SimplexCurtains.Starfield#IStarfieldDriver#Stop">
            <summary>    Stops this object. </summary> 
        </member>
        <member name="M:StarfieldDrivers.Noise.Simplex.SimplexCurtains.ToString">
             <summary>    Returns a string that represents the current object. </summary>
            
             <returns>    A string that represents the current object. </returns>
        </member>
        <member name="T:StarfieldDrivers.Noise.Simplex.SimplexSmoke">
            <summary>    Simplex noise based smoke. </summary> 
        </member>
        <member name="P:StarfieldDrivers.Noise.Simplex.SimplexSmoke.CapAtMax">
             <summary>    Gets or sets a value indicating whether to clamp noise values. </summary>
            
             <value>  True if values should be capped, false if not. </value>
        </member>
        <member name="P:StarfieldDrivers.Noise.Simplex.SimplexSmoke.Fade">
             <summary>    Gets or sets a value indicating whether to fade the edges. </summary>
            
             <value>  True if fade, false if not. </value>
        </member>
        <member name="P:StarfieldDrivers.Noise.Simplex.SimplexSmoke.FadeThreshold">
             <summary>    Gets or sets the fade threshold. </summary>
            
             <value>  The fade threshold. </value>
        </member>
        <member name="P:StarfieldDrivers.Noise.Simplex.SimplexSmoke.HighContrast">
             <summary>    Gets or sets a value indicating whether to draw high contrast (single color). </summary>
            
             <value>  True if high contrast, false if not. </value>
        </member>
        <member name="P:StarfieldDrivers.Noise.Simplex.SimplexSmoke.Lacunarity">
             <summary>    Gets or sets the lacunarity. </summary>
            
             <value>  The lacunarity. </value>
        </member>
        <member name="P:StarfieldDrivers.Noise.Simplex.SimplexSmoke.NumOctaves">
             <summary>    Gets or sets the number of octaves. </summary>
            
             <value>  The total number of octaves. </value>
        </member>
        <member name="P:StarfieldDrivers.Noise.Simplex.SimplexSmoke.Persistance">
             <summary>    Gets or sets the persistance. </summary>
            
             <value>  The persistance. </value>
        </member>
        <member name="P:StarfieldDrivers.Noise.Simplex.SimplexSmoke.PrimaryColor">
             <summary>    Gets or sets the primary color of the gradient. </summary>
            
             <value>  The color of the primary. </value>
        </member>
        <member name="P:StarfieldDrivers.Noise.Simplex.SimplexSmoke.SecondaryColor">
             <summary>    Gets or sets the secondary color of the gradient. </summary>
            
             <value>  The color of the secondary. </value>
        </member>
        <member name="P:StarfieldDrivers.Noise.Simplex.SimplexSmoke.Threshold">
             <summary>    Gets or sets the threshold. </summary>
            
             <value>  The threshold. </value>
        </member>
        <member name="P:StarfieldDrivers.Noise.Simplex.SimplexSmoke.TimeStep">
             <summary>    Gets or sets the time step. </summary>
            
             <value>  The time step. </value>
        </member>
        <member name="M:StarfieldDrivers.Noise.Simplex.SimplexSmoke.Starfield#IStarfieldDriver#Render(Starfield.StarfieldModel)">
             <summary>    Renders the given Starfield. </summary>
            
             <param name="Starfield"> The starfield. </param>
        </member>
        <member name="M:StarfieldDrivers.Noise.Simplex.SimplexSmoke.Starfield#IStarfieldDriver#Start(Starfield.StarfieldModel)">
             <summary>    Starts the given starfield. </summary>
            
             <param name="Starfield"> The starfield. </param>
        </member>
        <member name="M:StarfieldDrivers.Noise.Simplex.SimplexSmoke.Starfield#IStarfieldDriver#Stop">
            <summary>    Stops this object. </summary> 
        </member>
        <member name="M:StarfieldDrivers.Noise.Simplex.SimplexSmoke.ToString">
             <summary>    Returns a string that represents the current object. </summary>
            
             <returns>    A string that represents the current object. </returns>
        </member>
        <member name="T:StarfieldDrivers.Noise.Simplex.SimplexTwinkle">
            <summary>    Simplex noise based twinkling. </summary> 
        </member>
        <member name="P:StarfieldDrivers.Noise.Simplex.SimplexTwinkle.CapAtMax">
             <summary>    Gets or sets a value indicating whether to clamp noise values. </summary>
            
             <value>  True if values should be capped, false if not. </value>
        </member>
        <member name="P:StarfieldDrivers.Noise.Simplex.SimplexTwinkle.DrawColor">
             <summary>    Gets or sets the draw color. </summary>
            
             <value>  The color of the draw. </value>
        </member>
        <member name="P:StarfieldDrivers.Noise.Simplex.SimplexTwinkle.Lacunarity">
             <summary>    Gets or sets the lacunarity. </summary>
            
             <value>  The lacunarity. </value>
        </member>
        <member name="P:StarfieldDrivers.Noise.Simplex.SimplexTwinkle.MaxTime">
             <summary>    Gets or sets the maximum time. </summary>
            
             <value>  The maximum time. </value>
        </member>
        <member name="P:StarfieldDrivers.Noise.Simplex.SimplexTwinkle.NumOctaves">
             <summary>    Gets or sets the number of octaves. </summary>
            
             <value>  The total number of octaves. </value>
        </member>
        <member name="P:StarfieldDrivers.Noise.Simplex.SimplexTwinkle.OffPercent">
             <summary>    Gets or sets the off percent. </summary>
            
             <value>  The off percent. </value>
        </member>
        <member name="P:StarfieldDrivers.Noise.Simplex.SimplexTwinkle.Persistance">
             <summary>    Gets or sets the persistance. </summary>
            
             <value>  The persistance. </value>
        </member>
        <member name="P:StarfieldDrivers.Noise.Simplex.SimplexTwinkle.Scale">
             <summary>    Gets or sets the scale. </summary>
            
             <value>  The scale. </value>
        </member>
        <member name="P:StarfieldDrivers.Noise.Simplex.SimplexTwinkle.TimeStep">
             <summary>    Gets or sets the time step. </summary>
            
             <value>  The time step. </value>
        </member>
        <member name="M:StarfieldDrivers.Noise.Simplex.SimplexTwinkle.Starfield#IStarfieldDriver#Render(Starfield.StarfieldModel)">
             <summary>    Renders the given Starfield. </summary>
            
             <param name="Starfield"> The starfield. </param>
        </member>
        <member name="M:StarfieldDrivers.Noise.Simplex.SimplexTwinkle.Starfield#IStarfieldDriver#Start(Starfield.StarfieldModel)">
             <summary>    Starts the given starfield. </summary>
            
             <param name="Starfield"> The starfield. </param>
        </member>
        <member name="M:StarfieldDrivers.Noise.Simplex.SimplexTwinkle.Starfield#IStarfieldDriver#Stop">
            <summary>    Stops this object. </summary> 
        </member>
        <member name="M:StarfieldDrivers.Noise.Simplex.SimplexTwinkle.ToString">
             <summary>    Returns a string that represents the current object. </summary>
            
             <returns>    A string that represents the current object. </returns>
        </member>
        <member name="T:StarfieldDrivers.Noise.Simplex.SimplexWaves">
            <summary>    Simplex noise based waves. </summary> 
        </member>
        <member name="P:StarfieldDrivers.Noise.Simplex.SimplexWaves.CapAtMax">
             <summary>    Gets or sets a value indicating whether to clamp noise values. </summary>
            
             <value>  True if values should be capped, false if not. </value>
        </member>
        <member name="P:StarfieldDrivers.Noise.Simplex.SimplexWaves.Lacunarity">
             <summary>    Gets or sets the lacunarity. </summary>
            
             <value>  The lacunarity. </value>
        </member>
        <member name="P:StarfieldDrivers.Noise.Simplex.SimplexWaves.NumOctaves">
             <summary>    Gets or sets the number of octaves. </summary>
            
             <value>  The total number of octaves. </value>
        </member>
        <member name="P:StarfieldDrivers.Noise.Simplex.SimplexWaves.Persistance">
             <summary>    Gets or sets the persistance. </summary>
            
             <value>  The persistance. </value>
        </member>
        <member name="P:StarfieldDrivers.Noise.Simplex.SimplexWaves.PrimaryColor">
             <summary>    Gets or sets the color of the primary. </summary>
            
             <value>  The color of the primary. </value>
        </member>
        <member name="P:StarfieldDrivers.Noise.Simplex.SimplexWaves.SecondaryColor">
             <summary>    Gets or sets the color of the secondary. </summary>
            
             <value>  The color of the secondary. </value>
        </member>
        <member name="P:StarfieldDrivers.Noise.Simplex.SimplexWaves.TimeStep">
             <summary>    Gets or sets the time step. </summary>
            
             <value>  The time step. </value>
        </member>
        <member name="M:StarfieldDrivers.Noise.Simplex.SimplexWaves.Starfield#IStarfieldDriver#Render(Starfield.StarfieldModel)">
             <summary>    Renders the given Starfield. </summary>
            
             <param name="Starfield"> The starfield. </param>
        </member>
        <member name="M:StarfieldDrivers.Noise.Simplex.SimplexWaves.Starfield#IStarfieldDriver#Start(Starfield.StarfieldModel)">
             <summary>    Starts the given starfield. </summary>
            
             <param name="Starfield"> The starfield. </param>
        </member>
        <member name="M:StarfieldDrivers.Noise.Simplex.SimplexWaves.Starfield#IStarfieldDriver#Stop">
            <summary>    Stops this object. </summary> 
        </member>
        <member name="M:StarfieldDrivers.Noise.Simplex.SimplexWaves.ToString">
             <summary>    Returns a string that represents the current object. </summary>
            
             <returns>    A string that represents the current object. </returns>
        </member>
        <member name="T:StarfieldDrivers.Noise.Simplex.SingleColorSimplex">
            <summary>    A single color simplex noise gradient. </summary> 
        </member>
        <member name="P:StarfieldDrivers.Noise.Simplex.SingleColorSimplex.CapAtMax">
             <summary>    Gets or sets a value indicating whether to clamp noise values. </summary>
            
             <value>  True if values should be capped, false if not. </value>
        </member>
        <member name="P:StarfieldDrivers.Noise.Simplex.SingleColorSimplex.DrawColor">
             <summary>    Gets or sets the draw color. </summary>
            
             <value>  The color of the draw. </value>
        </member>
        <member name="P:StarfieldDrivers.Noise.Simplex.SingleColorSimplex.Lacunarity">
             <summary>    Gets or sets the lacunarity. </summary>
            
             <value>  The lacunarity. </value>
        </member>
        <member name="P:StarfieldDrivers.Noise.Simplex.SingleColorSimplex.NumOctaves">
             <summary>    Gets or sets the number of octaves. </summary>
            
             <value>  The total number of octaves. </value>
        </member>
        <member name="P:StarfieldDrivers.Noise.Simplex.SingleColorSimplex.Persistance">
             <summary>    Gets or sets the persistance. </summary>
            
             <value>  The persistance. </value>
        </member>
        <member name="P:StarfieldDrivers.Noise.Simplex.SingleColorSimplex.TimeStep">
             <summary>    Gets or sets the time step. </summary>
            
             <value>  The time step. </value>
        </member>
        <member name="M:StarfieldDrivers.Noise.Simplex.SingleColorSimplex.Starfield#IStarfieldDriver#Render(Starfield.StarfieldModel)">
             <summary>    Renders the given Starfield. </summary>
            
             <param name="Starfield"> The starfield. </param>
        </member>
        <member name="M:StarfieldDrivers.Noise.Simplex.SingleColorSimplex.Starfield#IStarfieldDriver#Start(Starfield.StarfieldModel)">
             <summary>    Starts the given starfield. </summary>
            
             <param name="Starfield"> The starfield. </param>
        </member>
        <member name="M:StarfieldDrivers.Noise.Simplex.SingleColorSimplex.Starfield#IStarfieldDriver#Stop">
            <summary>    Stops this object. </summary> 
        </member>
        <member name="M:StarfieldDrivers.Noise.Simplex.SingleColorSimplex.ToString">
             <summary>    Returns a string that represents the current object. </summary>
            
             <returns>    A string that represents the current object. </returns>
        </member>
        <member name="T:StarfieldDrivers.Noise.Simplex.TwoColorSimplex">
            <summary>    A two color simplex noise gradient. </summary> 
        </member>
        <member name="P:StarfieldDrivers.Noise.Simplex.TwoColorSimplex.CapAtMax">
             <summary>    Gets or sets a value indicating whether to clamp noise values. </summary>
            
             <value>  True if values should be capped, false if not. </value>
        </member>
        <member name="P:StarfieldDrivers.Noise.Simplex.TwoColorSimplex.Lacunarity">
             <summary>    Gets or sets the lacunarity. </summary>
            
             <value>  The lacunarity. </value>
        </member>
        <member name="P:StarfieldDrivers.Noise.Simplex.TwoColorSimplex.NumOctaves">
             <summary>    Gets or sets the number of octaves. </summary>
            
             <value>  The total number of octaves. </value>
        </member>
        <member name="P:StarfieldDrivers.Noise.Simplex.TwoColorSimplex.Persistance">
             <summary>    Gets or sets the persistance. </summary>
            
             <value>  The persistance. </value>
        </member>
        <member name="P:StarfieldDrivers.Noise.Simplex.TwoColorSimplex.PrimaryColor">
             <summary>    Gets or sets the primary color. </summary>
            
             <value>  The color of the primary. </value>
        </member>
        <member name="P:StarfieldDrivers.Noise.Simplex.TwoColorSimplex.SecondaryColor">
             <summary>    Gets or sets the secondary color. </summary>
            
             <value>  The color of the secondary. </value>
        </member>
        <member name="P:StarfieldDrivers.Noise.Simplex.TwoColorSimplex.TimeStep">
             <summary>    Gets or sets the time step. </summary>
            
             <value>  The time step. </value>
        </member>
        <member name="M:StarfieldDrivers.Noise.Simplex.TwoColorSimplex.Starfield#IStarfieldDriver#Render(Starfield.StarfieldModel)">
             <summary>    Renders the given Starfield. </summary>
            
             <param name="Starfield"> The starfield. </param>
        </member>
        <member name="M:StarfieldDrivers.Noise.Simplex.TwoColorSimplex.Starfield#IStarfieldDriver#Start(Starfield.StarfieldModel)">
             <summary>    Starts the given starfield. </summary>
            
             <param name="Starfield"> The starfield. </param>
        </member>
        <member name="M:StarfieldDrivers.Noise.Simplex.TwoColorSimplex.Starfield#IStarfieldDriver#Stop">
            <summary>    Stops this object. </summary> 
        </member>
        <member name="M:StarfieldDrivers.Noise.Simplex.TwoColorSimplex.ToString">
             <summary>    Returns a string that represents the current object. </summary>
            
             <returns>    A string that represents the current object. </returns>
        </member>
        <member name="T:StarfieldDrivers.Noise.White.FadingStatic">
            <summary>    Fading static animation. </summary> 
        </member>
        <member name="P:StarfieldDrivers.Noise.White.FadingStatic.AnimationDuration">
             <summary>    Gets or sets the duration of the animation. </summary>
            
             <value>  The animation duration. </value>
        </member>
        <member name="P:StarfieldDrivers.Noise.White.FadingStatic.DrawColor">
             <summary>    Gets or sets the draw color. </summary>
            
             <value>  The draw color. </value>
        </member>
        <member name="P:StarfieldDrivers.Noise.White.FadingStatic.Flash">
             <summary>    Gets or sets a value indicating whether or not to flash. </summary>
            
             <value>  True if flash, false if not. </value>
        </member>
        <member name="P:StarfieldDrivers.Noise.White.FadingStatic.Increment">
             <summary>    Gets or sets the amount to increment by. </summary>
            
             <value>  The amount to increment by. </value>
        </member>
        <member name="M:StarfieldDrivers.Noise.White.FadingStatic.Render(Starfield.StarfieldModel)">
             <summary>    Renders the given Starfield. </summary>
            
             <param name="Starfield"> The starfield. </param>
        </member>
        <member name="M:StarfieldDrivers.Noise.White.FadingStatic.Starfield#IStarfieldDriver#Start(Starfield.StarfieldModel)">
             <summary>    Starts the given starfield. </summary>
            
             <param name="Starfield"> The starfield. </param>
        </member>
        <member name="M:StarfieldDrivers.Noise.White.FadingStatic.Starfield#IStarfieldDriver#Stop">
            <summary>    Stops this object. </summary> 
        </member>
        <member name="M:StarfieldDrivers.Noise.White.FadingStatic.ToString">
             <summary>    Returns a string that represents the current object. </summary>
            
             <returns>    A string that represents the current object. </returns>
        </member>
        <member name="T:StarfieldDrivers.Noise.White.NamespaceDoc">
            <summary>    White noise based animations. </summary> 
        </member>
        <member name="T:StarfieldDrivers.Noise.White.Shards">
            <summary>    Shards animation. </summary> 
        </member>
        <member name="T:StarfieldDrivers.Noise.White.Shards.SourcePlane">
            <summary>    Values that represent source planes for the shard. </summary>
        </member>
        <!-- Badly formed XML comment ignored for member "F:StarfieldDrivers.Noise.White.Shards.SourcePlane.X" -->
        <!-- Badly formed XML comment ignored for member "F:StarfieldDrivers.Noise.White.Shards.SourcePlane.Y" -->
        <!-- Badly formed XML comment ignored for member "F:StarfieldDrivers.Noise.White.Shards.SourcePlane.Z" -->
        <member name="P:StarfieldDrivers.Noise.White.Shards.Source">
             <summary>    Gets or sets the source for the source planes. </summary>
            
             <value>  The source. </value>
        </member>
        <member name="P:StarfieldDrivers.Noise.White.Shards.AnimationDuration">
             <summary>    Gets or sets the duration of the animation. </summary>
            
             <value>  The animation duration. </value>
        </member>
        <member name="P:StarfieldDrivers.Noise.White.Shards.VelocityMin">
             <summary>    Gets or sets the new shard min velocity. </summary>
            
             <value>  The min velocity. </value>
        </member>
        <member name="P:StarfieldDrivers.Noise.White.Shards.VelocityMax">
             <summary>    Gets or sets the new shard max velocity. </summary>
            
             <value>  The velocity. </value>
        </member>
        <member name="P:StarfieldDrivers.Noise.White.Shards.Length">
             <summary>    Gets or sets the length of new shards. </summary>
            
             <value>  The length. </value>
        </member>
        <member name="P:StarfieldDrivers.Noise.White.Shards.Max">
             <summary>    Gets or sets the maximum number of shards. </summary>
            
             <value>  The maximum value. </value>
        </member>
        <member name="P:StarfieldDrivers.Noise.White.Shards.NewPercentMin">
             <summary>    Gets or sets the minimum percentage chance of a new shard. </summary>
            
             <value>  The primary draw color. </value>
        </member>
        <member name="P:StarfieldDrivers.Noise.White.Shards.NewPercentMax">
             <summary>    Gets or sets the minimum percentage chance of a new shard. </summary>
            
             <value>  The primary draw color. </value>
        </member>
        <member name="P:StarfieldDrivers.Noise.White.Shards.PrimaryColor">
             <summary>    Gets or sets the primary draw color. </summary>
            
             <value>  The primary draw color. </value>
        </member>
        <member name="P:StarfieldDrivers.Noise.White.Shards.SecondaryColor">
             <summary>    Gets or sets the secondary draw color. </summary>
            
             <value>  The secondary draw color. </value>
        </member>
        <member name="M:StarfieldDrivers.Noise.White.Shards.Render(Starfield.StarfieldModel)">
             <summary>    Renders the given Starfield. </summary>
            
             <param name="Starfield"> The starfield. </param>
        </member>
        <member name="M:StarfieldDrivers.Noise.White.Shards.Starfield#IStarfieldDriver#Start(Starfield.StarfieldModel)">
             <summary>    Starts the given starfield. </summary>
            
             <param name="Starfield"> The starfield. </param>
        </member>
        <member name="M:StarfieldDrivers.Noise.White.Shards.Starfield#IStarfieldDriver#Stop">
            <summary>    Stops this object. </summary> 
        </member>
        <member name="M:StarfieldDrivers.Noise.White.Shards.ToString">
             <summary>    Returns a string that represents the current object. </summary>
            
             <returns>    A string that represents the current object. </returns>
        </member>
        <member name="T:StarfieldDrivers.Noise.White.Static">
            <summary>    Static noise animation. </summary> 
        </member>
        <member name="M:StarfieldDrivers.Noise.White.Static.Render(Starfield.StarfieldModel)">
             <summary>    Renders the given Starfield. </summary>
            
             <param name="Starfield"> The starfield. </param>
        </member>
        <member name="M:StarfieldDrivers.Noise.White.Static.Starfield#IStarfieldDriver#Start(Starfield.StarfieldModel)">
             <summary>    Starts the given starfield. </summary>
            
             <param name="Starfield"> The starfield. </param>
        </member>
        <member name="M:StarfieldDrivers.Noise.White.Static.Starfield#IStarfieldDriver#Stop">
            <summary>    Stops this object. </summary> 
        </member>
        <member name="M:StarfieldDrivers.Noise.White.Static.ToString">
             <summary>    Returns a string that represents the current object. </summary>
            
             <returns>    A string that represents the current object. </returns>
        </member>
        <member name="T:StarfieldDrivers.PresenceResponsive.NamespaceDoc">
            <summary>    Presence responsive animations. </summary> 
        </member>
        <member name="T:StarfieldDrivers.Projection.NamespaceDoc">
            <summary>    2D -> 3D projection animations. </summary> 
        </member>
        <member name="T:StarfieldDrivers.Projection.ShapeProjectionTest">
            <summary>    A shape projection test using shapes. </summary> 
        </member>
        <member name="P:StarfieldDrivers.Projection.ShapeProjectionTest.WrapTime">
             <summary>    Gets or sets the wrap time. </summary>
            
             <value>  The wrap time. </value>
        </member>
        <member name="P:StarfieldDrivers.Projection.ShapeProjectionTest.Camera">
             <summary>    Gets or sets the camera position. </summary>
            
             <value>  The camera position. </value>
        </member>
        <member name="M:StarfieldDrivers.Projection.ShapeProjectionTest.#ctor">
            <summary>    Default constructor. </summary> 
        </member>
        <member name="M:StarfieldDrivers.Projection.ShapeProjectionTest.Render(Starfield.StarfieldModel)">
             <summary>    Renders to the given Starfield. </summary>
            
             <param name="Starfield"> The starfield. </param>
        </member>
        <member name="M:StarfieldDrivers.Projection.ShapeProjectionTest.Start(Starfield.StarfieldModel)">
             <summary>    Starts rendering to the given starfield. </summary>
            
             <param name="Starfield"> The starfield. </param>
        </member>
        <member name="M:StarfieldDrivers.Projection.ShapeProjectionTest.Stop">
            <summary>    Stops this object. </summary> 
        </member>
        <member name="M:StarfieldDrivers.Projection.ShapeProjectionTest.ToString">
             <summary>    Returns a string that represents the current object. </summary>
            
             <returns>    A string that represents the current object. </returns>
        </member>
        <member name="T:StarfieldDrivers.Projection.ProjectionTest">
            <summary>    A 2D -> 3D projection test using images. </summary> 
        </member>
        <member name="P:StarfieldDrivers.Projection.ProjectionTest.Camera">
             <summary>    Gets or sets the camera position. </summary>
            
             <value>  The camera position. </value>
        </member>
        <member name="M:StarfieldDrivers.Projection.ProjectionTest.#ctor">
            <summary>    Default constructor. </summary> 
        </member>
        <member name="P:StarfieldDrivers.Projection.ProjectionTest.Path">
             <summary>    Gets or sets the full pathname of the file to render. </summary>
            
             <value>  The full pathname of the file to render. </value>
        </member>
        <member name="M:StarfieldDrivers.Projection.ProjectionTest.Render(Starfield.StarfieldModel)">
             <summary>    Renders to the given Starfield. </summary>
            
             <param name="Starfield"> The starfield to render to. </param>
        </member>
        <member name="M:StarfieldDrivers.Projection.ProjectionTest.Start(Starfield.StarfieldModel)">
             <summary>    Starts the given starfield. </summary>
            
             <param name="Starfield"> The starfield. </param>
        </member>
        <member name="M:StarfieldDrivers.Projection.ProjectionTest.Stop">
            <summary>    Stops this object. </summary> 
        </member>
        <member name="M:StarfieldDrivers.Projection.ProjectionTest.ToString">
             <summary>    Returns a string that represents the current object. </summary>
            
             <returns>    A string that represents the current object. </returns>
        </member>
        <member name="T:StarfieldDrivers.Sound_Responsive.NamespaceDoc">
            <summary>    Sound responsive animations. </summary> 
        </member>
        <member name="T:StarfieldDrivers.Test.Checkout">
            <summary>    Animation for doing electronics/display checkout testing. </summary> 
        </member>
        <member name="P:StarfieldDrivers.Test.Checkout.DrawColor">
             <summary>    Gets or sets the draw color. </summary>
            
             <value>  The color of the draw. </value>
        </member>
        <member name="P:StarfieldDrivers.Test.Checkout.X">
             <summary>    Gets or sets the x coordinate to draw. </summary>
            
             <value>  The x coordinate. </value>
        </member>
        <member name="P:StarfieldDrivers.Test.Checkout.Panel">
             <summary>    Gets or sets a value indicating whether to draw a whole panel. </summary>
            
             <value>  True if panel, false if not. </value>
        </member>
        <member name="M:StarfieldDrivers.Test.Checkout.Render(Starfield.StarfieldModel)">
             <summary>    Renders the given Starfield. </summary>
            
             <param name="Starfield"> The starfield. </param>
        </member>
        <member name="M:StarfieldDrivers.Test.Checkout.Starfield#IStarfieldDriver#Start(Starfield.StarfieldModel)">
             <summary>    Starts the given starfield. </summary>
            
             <param name="Starfield"> The starfield. </param>
        </member>
        <member name="M:StarfieldDrivers.Test.Checkout.Starfield#IStarfieldDriver#Stop">
            <summary>    Stops this object. </summary> 
        </member>
        <member name="M:StarfieldDrivers.Test.Checkout.ToString">
             <summary>    Returns a string that represents the current object. </summary>
            
             <returns>    A string that represents the current object. </returns>
        </member>
        <member name="T:StarfieldDrivers.Test.NamespaceDoc">
            <summary>    Misc test animations. </summary> 
        </member>
        <member name="T:StarfieldDrivers.Test.SolidColor">
            <summary>    Draws a solid color. </summary> 
        </member>
        <member name="P:StarfieldDrivers.Test.SolidColor.DrawColor">
             <summary>    Gets or sets the draw color. </summary>
            
             <value>  The color of the draw. </value>
        </member>
        <member name="M:StarfieldDrivers.Test.SolidColor.Render(Starfield.StarfieldModel)">
             <summary>    Renders the given Starfield. </summary>
            
             <param name="Starfield"> The starfield. </param>
        </member>
        <member name="M:StarfieldDrivers.Test.SolidColor.Starfield#IStarfieldDriver#Start(Starfield.StarfieldModel)">
             <summary>    Starts the given starfield. </summary>
            
             <param name="Starfield"> The starfield. </param>
        </member>
        <member name="M:StarfieldDrivers.Test.SolidColor.Starfield#IStarfieldDriver#Stop">
            <summary>    Stops this object. </summary> 
        </member>
        <member name="M:StarfieldDrivers.Test.SolidColor.ToString">
             <summary>    Returns a string that represents the current object. </summary>
            
             <returns>    A string that represents the current object. </returns>
        </member>
        <member name="T:StarfieldDrivers.Test.TestFill">
            <summary>    Fills the starfield with test patterns. </summary> 
        </member>
        <member name="P:StarfieldDrivers.Test.TestFill.Colors">
             <summary>    Gets or sets the colors. </summary>
            
             <value>  The colors. </value>
        </member>
        <member name="P:StarfieldDrivers.Test.TestFill.Delay">
             <summary>    Gets or sets the delay. </summary>
            
             <value>  The delay. </value>
        </member>
        <member name="P:StarfieldDrivers.Test.TestFill.DrawColor">
             <summary>    Gets or sets the color of the draw. </summary>
            
             <value>  The color of the draw. </value>
        </member>
        <member name="M:StarfieldDrivers.Test.TestFill.Render(Starfield.StarfieldModel)">
             <summary>    Renders the given Starfield. </summary>
            
             <param name="Starfield"> The starfield. </param>
        </member>
        <member name="M:StarfieldDrivers.Test.TestFill.Starfield#IStarfieldDriver#Start(Starfield.StarfieldModel)">
             <summary>    Starts the given starfield. </summary>
            
             <param name="Starfield"> The starfield. </param>
        </member>
        <member name="M:StarfieldDrivers.Test.TestFill.Starfield#IStarfieldDriver#Stop">
            <summary>    Stops this object. </summary> 
        </member>
        <member name="M:StarfieldDrivers.Test.TestFill.ToString">
             <summary>    Returns a string that represents the current object. </summary>
            
             <returns>    A string that represents the current object. </returns>
        </member>
    </members>
</doc>
