<?xml version="1.0"?>
<doc>
    <assembly>
        <name>Starfield.Utils</name>
    </assembly>
    <members>
        <member name="T:StarfieldUtils.CFDUtils.NamespaceDoc">
            <summary>
            Computation Fluid Dynamics Utilities
            </summary>
        </member>
        <member name="T:StarfieldUtils.ColorUtils.ColorSpace.CIELAB">
            <summary>    A CIELAB color space. </summary>
        </member>
        <member name="P:StarfieldUtils.ColorUtils.ColorSpace.CIELAB.L">
             <summary>    Gets or sets the lightness. 0 for black and 100 for white.</summary>
            
             <value>  The lightness. </value>
        </member>
        <member name="P:StarfieldUtils.ColorUtils.ColorSpace.CIELAB.A">
             <summary>    Gets or sets the Green/Magenta component. Negative for green, positive for magenta.</summary>
            
             <value>  a. </value>
        </member>
        <member name="P:StarfieldUtils.ColorUtils.ColorSpace.CIELAB.B">
             <summary>    Gets or sets the blue/yellow component. Negative for blue, positive for yellow</summary>
            
             <value>  The b. </value>
        </member>
        <member name="M:StarfieldUtils.ColorUtils.ColorSpace.CIELAB.#ctor(System.Double,System.Double,System.Double)">
             <summary>    Constructor. </summary>
            
             <param name="l"> The lightness component. </param>
             <param name="a"> The a component. </param>
             <param name="b"> The b component. </param>
        </member>
        <member name="M:StarfieldUtils.ColorUtils.ColorSpace.CIELAB.op_Equality(StarfieldUtils.ColorUtils.ColorSpace.CIELAB,StarfieldUtils.ColorUtils.ColorSpace.CIELAB)">
             <summary>    Equality operator. </summary>
            
             <param name="left">  The left. </param>
             <param name="right"> The right. </param>
            
             <returns>    The result of the operation. </returns>
        </member>
        <member name="M:StarfieldUtils.ColorUtils.ColorSpace.CIELAB.op_Inequality(StarfieldUtils.ColorUtils.ColorSpace.CIELAB,StarfieldUtils.ColorUtils.ColorSpace.CIELAB)">
             <summary>    Inequality operator. </summary>
            
             <param name="left">  The left. </param>
             <param name="right"> The right. </param>
            
             <returns>    The result of the operation. </returns>
        </member>
        <member name="M:StarfieldUtils.ColorUtils.ColorSpace.CIELAB.Equals(System.Object)">
             <summary>
             Determines whether the specified <see cref="T:System.Object" />
              is equal to the current <see cref="T:System.Object" />
             .
             </summary>
            
             <param name="obj">   The object to compare with the current object. </param>
            
             <returns>
             true if the specified object  is equal to the current object; otherwise, false.
             </returns>
        </member>
        <member name="M:StarfieldUtils.ColorUtils.ColorSpace.CIELAB.GetHashCode">
             <summary>    Serves as a hash function for a particular type. </summary>
            
             <returns>
             A hash code for the current <see cref="T:System.Object" />
             .
             </returns>
        </member>
        <member name="T:StarfieldUtils.ColorUtils.ColorSpace.CIEXYZ">
            <summary>    CIE XYZ color space. Also known as CIE 1931.</summary> 
        </member>
        <member name="P:StarfieldUtils.ColorUtils.ColorSpace.CIEXYZ.X">
             <summary>    Gets or sets the x component. This is a linear combination of cone response curves. </summary>
            
             <value>  The x coordinate. </value>
        </member>
        <member name="P:StarfieldUtils.ColorUtils.ColorSpace.CIEXYZ.Y">
             <summary>    Gets or sets the y component. This is the luminance. </summary>
            
             <value>  The y coordinate. </value>
        </member>
        <member name="P:StarfieldUtils.ColorUtils.ColorSpace.CIEXYZ.Z">
             <summary>    Gets or sets the z component. This is quasi-equal to blue stimulation. </summary>
            
             <value>  The z coordinate. </value>
        </member>
        <member name="M:StarfieldUtils.ColorUtils.ColorSpace.CIEXYZ.#ctor(System.Double,System.Double,System.Double)">
             <summary>    Constructor. </summary>
            
             <param name="x"> The x component. </param>
             <param name="y"> The y component. </param>
             <param name="z"> The z component. </param>
        </member>
        <member name="M:StarfieldUtils.ColorUtils.ColorSpace.CIEXYZ.op_Equality(StarfieldUtils.ColorUtils.ColorSpace.CIEXYZ,StarfieldUtils.ColorUtils.ColorSpace.CIEXYZ)">
             <summary>    Equality operator. </summary>
            
             <param name="left">  The left. </param>
             <param name="right"> The right. </param>
            
             <returns>    The result of the operation. </returns>
        </member>
        <member name="M:StarfieldUtils.ColorUtils.ColorSpace.CIEXYZ.op_Inequality(StarfieldUtils.ColorUtils.ColorSpace.CIEXYZ,StarfieldUtils.ColorUtils.ColorSpace.CIEXYZ)">
             <summary>    Inequality operator. </summary>
            
             <param name="left">  The left. </param>
             <param name="right"> The right. </param>
            
             <returns>    The result of the operation. </returns>
        </member>
        <member name="M:StarfieldUtils.ColorUtils.ColorSpace.CIEXYZ.Equals(System.Object)">
             <summary>
             Determines whether the specified <see cref="T:System.Object" />
              is equal to the current <see cref="T:System.Object" />
             .
             </summary>
            
             <param name="obj">   The object to compare with the current object. </param>
            
             <returns>
             true if the specified object  is equal to the current object; otherwise, false.
             </returns>
        </member>
        <member name="M:StarfieldUtils.ColorUtils.ColorSpace.CIEXYZ.GetHashCode">
             <summary>    Serves as a hash function for a particular type. </summary>
            
             <returns>
             A hash code for the current <see cref="T:System.Object" />
             .
             </returns>
        </member>
        <member name="T:StarfieldUtils.ColorUtils.ColorSpace.CMYK">
            <summary>    CMYK color space. </summary> 
        </member>
        <member name="P:StarfieldUtils.ColorUtils.ColorSpace.CMYK.Cyan">
             <summary>    Gets or sets the cyan component. </summary>
            
             <value>  The cyan. </value>
        </member>
        <member name="P:StarfieldUtils.ColorUtils.ColorSpace.CMYK.Magenta">
             <summary>    Gets or sets the magenta component. </summary>
            
             <value>  The magenta. </value>
        </member>
        <member name="P:StarfieldUtils.ColorUtils.ColorSpace.CMYK.Yellow">
             <summary>    Gets or sets the yellow component. </summary>
            
             <value>  The yellow. </value>
        </member>
        <member name="P:StarfieldUtils.ColorUtils.ColorSpace.CMYK.Black">
             <summary>    Gets or sets the black component. </summary>
            
             <value>  The black. </value>
        </member>
        <member name="M:StarfieldUtils.ColorUtils.ColorSpace.CMYK.#ctor(System.Double,System.Double,System.Double,System.Double)">
             <summary>    Constructor. </summary>
            
             <param name="cyan">      The cyan. </param>
             <param name="magenta">   The magenta. </param>
             <param name="yellow">    The yellow. </param>
             <param name="black">     The black. </param>
        </member>
        <member name="M:StarfieldUtils.ColorUtils.ColorSpace.CMYK.op_Equality(StarfieldUtils.ColorUtils.ColorSpace.CMYK,StarfieldUtils.ColorUtils.ColorSpace.CMYK)">
             <summary>    Equality operator. </summary>
            
             <param name="left">  The left. </param>
             <param name="right"> The right. </param>
            
             <returns>    The result of the operation. </returns>
        </member>
        <member name="M:StarfieldUtils.ColorUtils.ColorSpace.CMYK.op_Inequality(StarfieldUtils.ColorUtils.ColorSpace.CMYK,StarfieldUtils.ColorUtils.ColorSpace.CMYK)">
             <summary>    Inequality operator. </summary>
            
             <param name="left">  The left. </param>
             <param name="right"> The right. </param>
            
             <returns>    The result of the operation. </returns>
        </member>
        <member name="M:StarfieldUtils.ColorUtils.ColorSpace.CMYK.Equals(System.Object)">
             <summary>
             Determines whether the specified <see cref="T:System.Object" />
              is equal to the current <see cref="T:System.Object" />
             .
             </summary>
            
             <param name="obj">   The object to compare with the current object. </param>
            
             <returns>
             true if the specified object  is equal to the current object; otherwise, false.
             </returns>
        </member>
        <member name="M:StarfieldUtils.ColorUtils.ColorSpace.CMYK.GetHashCode">
             <summary>    Serves as a hash function for a particular type. </summary>
            
             <returns>
             A hash code for the current <see cref="T:System.Object" />
             .
             </returns>
        </member>
        <member name="T:StarfieldUtils.ColorUtils.ColorSpace.ConvertColorSpace">
            <summary>    A class to convert color spaces. </summary> 
        </member>
        <member name="M:StarfieldUtils.ColorUtils.ColorSpace.ConvertColorSpace.ToRGB(StarfieldUtils.ColorUtils.ColorSpace.CIELAB)">
             <summary>    Converts a CIELAB color to a RGB color. </summary>
            
             <param name="colorSpace">    The color. </param>
            
             <returns>    ColorSpace as a System.Drawing.Color. </returns>
        </member>
        <member name="M:StarfieldUtils.ColorUtils.ColorSpace.ConvertColorSpace.ToRGB(StarfieldUtils.ColorUtils.ColorSpace.CIEXYZ)">
             <summary>    Converts a CIEXYZ color  to a RGB color. </summary>
            
             <param name="colorSpace">    The color. </param>
            
             <returns>    ColorSpace as a System.Drawing.Color. </returns>
        </member>
        <member name="M:StarfieldUtils.ColorUtils.ColorSpace.ConvertColorSpace.ToRGB(StarfieldUtils.ColorUtils.ColorSpace.CMYK)">
             <summary>    Converts a CMYK color to a RGB color. </summary>
            
             <param name="colorSpace">    The color. </param>
            
             <returns>    ColorSpace as a System.Drawing.Color. </returns>
        </member>
        <member name="M:StarfieldUtils.ColorUtils.ColorSpace.ConvertColorSpace.ToRGB(StarfieldUtils.ColorUtils.ColorSpace.HSB)">
             <summary>    Converts a HSB color to a RGB color. </summary>
            
             <param name="colorSpace">    The color. </param>
            
             <returns>    ColorSpace as a System.Drawing.Color. </returns>
        </member>
        <member name="M:StarfieldUtils.ColorUtils.ColorSpace.ConvertColorSpace.ToRGB(StarfieldUtils.ColorUtils.ColorSpace.HSL)">
             <summary>    Converts a HSL color to a RGB color. </summary>
            
             <param name="colorSpace">    The color. </param>
            
             <returns>    ColorSpace as a System.Drawing.Color. </returns>
        </member>
        <member name="M:StarfieldUtils.ColorUtils.ColorSpace.ConvertColorSpace.ToRGB(StarfieldUtils.ColorUtils.ColorSpace.YUV)">
             <summary>    Converts a YUV color to a RGB color. </summary>
            
             <param name="colorSpace">    The color. </param>
            
             <returns>    ColorSpace as a System.Drawing.Color. </returns>
        </member>
        <member name="M:StarfieldUtils.ColorUtils.ColorSpace.ConvertColorSpace.ToCIELAB(System.Drawing.Color)">
             <summary>    Converts a RGB color to a CIELAB color. </summary>
            
             <param name="colorSpace">    The color space. </param>
            
             <returns>    ColorSpace as a CIELAB. </returns>
        </member>
        <member name="M:StarfieldUtils.ColorUtils.ColorSpace.ConvertColorSpace.ToCIELAB(StarfieldUtils.ColorUtils.ColorSpace.CIEXYZ)">
             <summary>    Converts a CIEXYZ color to a CIELAB. </summary>
            
             <param name="colorSpace">    The color space. </param>
            
             <returns>    ColorSpace as a CIELAB. </returns>
        </member>
        <member name="M:StarfieldUtils.ColorUtils.ColorSpace.ConvertColorSpace.ToCIELAB(StarfieldUtils.ColorUtils.ColorSpace.CMYK)">
             <summary>    Converts a CMYK color to a CIELAB color. </summary>
            
             <param name="colorSpace">    The color space. </param>
            
             <returns>    ColorSpace as a CIELAB. </returns>
        </member>
        <member name="M:StarfieldUtils.ColorUtils.ColorSpace.ConvertColorSpace.ToCIELAB(StarfieldUtils.ColorUtils.ColorSpace.HSB)">
             <summary>    Converts a HSB color to a CIELAB color. </summary>
            
             <param name="colorSpace">    The color space. </param>
            
             <returns>    ColorSpace as a CIELAB. </returns>
        </member>
        <member name="M:StarfieldUtils.ColorUtils.ColorSpace.ConvertColorSpace.ToCIELAB(StarfieldUtils.ColorUtils.ColorSpace.HSL)">
             <summary>    Converts a HSL color to a CIELAB color. </summary>
            
             <param name="colorSpace">    The color space. </param>
            
             <returns>    ColorSpace as a CIELAB. </returns>
        </member>
        <member name="M:StarfieldUtils.ColorUtils.ColorSpace.ConvertColorSpace.ToCIELAB(StarfieldUtils.ColorUtils.ColorSpace.YUV)">
             <summary>    Converts a YUV color to a CIELAB color. </summary>
            
             <param name="colorSpace">    The color space. </param>
            
             <returns>    ColorSpace as a CIELAB. </returns>
        </member>
        <member name="M:StarfieldUtils.ColorUtils.ColorSpace.ConvertColorSpace.ToCIEXYZ(System.Drawing.Color)">
             <summary>    Converts a RGB color to a CIEXYZ color. </summary>
            
             <param name="colorSpace">    The color space. </param>
            
             <returns>    ColorSpace as a CIEXYZ. </returns>
        </member>
        <member name="M:StarfieldUtils.ColorUtils.ColorSpace.ConvertColorSpace.ToCIEXYZ(StarfieldUtils.ColorUtils.ColorSpace.CIELAB)">
             <summary>    Converts a CIELAB color to a CIEXYZ color. </summary>
            
             <param name="colorSpace">    The color space. </param>
            
             <returns>    ColorSpace as a CIEXYZ. </returns>
        </member>
        <member name="M:StarfieldUtils.ColorUtils.ColorSpace.ConvertColorSpace.ToCIEXYZ(StarfieldUtils.ColorUtils.ColorSpace.CMYK)">
             <summary>    Converts a CMYK color to a CIEXYZ color. </summary>
            
             <param name="colorSpace">    The color space. </param>
            
             <returns>    ColorSpace as a CIEXYZ. </returns>
        </member>
        <member name="M:StarfieldUtils.ColorUtils.ColorSpace.ConvertColorSpace.ToCIEXYZ(StarfieldUtils.ColorUtils.ColorSpace.HSB)">
             <summary>    Converts a HSB color to a CIEXYZ color. </summary>
            
             <param name="colorSpace">    The color space. </param>
            
             <returns>    ColorSpace as a CIEXYZ. </returns>
        </member>
        <member name="M:StarfieldUtils.ColorUtils.ColorSpace.ConvertColorSpace.ToCIEXYZ(StarfieldUtils.ColorUtils.ColorSpace.HSL)">
             <summary>    Converts a HSL color to a CIEXYZ color. </summary>
            
             <param name="colorSpace">    The color space. </param>
            
             <returns>    ColorSpace as a CIEXYZ. </returns>
        </member>
        <member name="M:StarfieldUtils.ColorUtils.ColorSpace.ConvertColorSpace.ToCIEXYZ(StarfieldUtils.ColorUtils.ColorSpace.YUV)">
             <summary>    Converts a YUV color to a CIEXYZ color. </summary>
            
             <param name="colorSpace">    The color space. </param>
            
             <returns>    ColorSpace as a CIEXYZ. </returns>
        </member>
        <member name="M:StarfieldUtils.ColorUtils.ColorSpace.ConvertColorSpace.ToCMYK(System.Drawing.Color)">
             <summary>    Converts a RGB color to a CMYK color. </summary>
            
             <param name="colorSpace">    The color space. </param>
            
             <returns>    ColorSpace as a CMYK. </returns>
        </member>
        <member name="M:StarfieldUtils.ColorUtils.ColorSpace.ConvertColorSpace.ToCMYK(StarfieldUtils.ColorUtils.ColorSpace.CIELAB)">
             <summary>    Converts a CIELAB color to a CMYK color. </summary>
            
             <param name="colorSpace">    The color space. </param>
            
             <returns>    ColorSpace as a CMYK. </returns>
        </member>
        <member name="M:StarfieldUtils.ColorUtils.ColorSpace.ConvertColorSpace.ToCMYK(StarfieldUtils.ColorUtils.ColorSpace.CIEXYZ)">
             <summary>    Converts a CIEXYC color to a CMYK color. </summary>
            
             <param name="colorSpace">    The color space. </param>
            
             <returns>    ColorSpace as a CMYK. </returns>
        </member>
        <member name="M:StarfieldUtils.ColorUtils.ColorSpace.ConvertColorSpace.ToCMYK(StarfieldUtils.ColorUtils.ColorSpace.HSB)">
             <summary>    Converts a HSB color to a CMYK color. </summary>
            
             <param name="colorSpace">    The color space. </param>
            
             <returns>    ColorSpace as a CMYK. </returns>
        </member>
        <member name="M:StarfieldUtils.ColorUtils.ColorSpace.ConvertColorSpace.ToCMYK(StarfieldUtils.ColorUtils.ColorSpace.HSL)">
             <summary>    Converts a HSL color to a CMYK color. </summary>
            
             <param name="colorSpace">    The color space. </param>
            
             <returns>    ColorSpace as a CMYK. </returns>
        </member>
        <member name="M:StarfieldUtils.ColorUtils.ColorSpace.ConvertColorSpace.ToCMYK(StarfieldUtils.ColorUtils.ColorSpace.YUV)">
             <summary>    Converts a YUV color to a CMYK color. </summary>
            
             <param name="colorSpace">    The color space. </param>
            
             <returns>    ColorSpace as a CMYK. </returns>
        </member>
        <member name="M:StarfieldUtils.ColorUtils.ColorSpace.ConvertColorSpace.ToHSB(System.Drawing.Color)">
             <summary>    Converts a RGB color to an HSB color. </summary>
            
             <param name="colorSpace">    The color space. </param>
            
             <returns>    ColorSpace as a HSB. </returns>
        </member>
        <member name="M:StarfieldUtils.ColorUtils.ColorSpace.ConvertColorSpace.ToHSB(StarfieldUtils.ColorUtils.ColorSpace.CIELAB)">
             <summary>    Converts a CIELAB color to an HSB color. </summary>
            
             <param name="colorSpace">    The color space. </param>
            
             <returns>    ColorSpace as a HSB. </returns>
        </member>
        <member name="M:StarfieldUtils.ColorUtils.ColorSpace.ConvertColorSpace.ToHSB(StarfieldUtils.ColorUtils.ColorSpace.CIEXYZ)">
             <summary>    Converts a CIEXYC color to an HSB color. </summary>
            
             <param name="colorSpace">    The color space. </param>
            
             <returns>    ColorSpace as a HSB. </returns>
        </member>
        <member name="M:StarfieldUtils.ColorUtils.ColorSpace.ConvertColorSpace.ToHSB(StarfieldUtils.ColorUtils.ColorSpace.CMYK)">
             <summary>    Converts a CMYK color to an HSB color. </summary>
            
             <param name="colorSpace">    The color space. </param>
            
             <returns>    ColorSpace as a HSB. </returns>
        </member>
        <member name="M:StarfieldUtils.ColorUtils.ColorSpace.ConvertColorSpace.ToHSB(StarfieldUtils.ColorUtils.ColorSpace.HSL)">
             <summary>    Converts a HSL color to an HSB color. </summary>
            
             <param name="colorSpace">    The color space. </param>
            
             <returns>    ColorSpace as a HSB. </returns>
        </member>
        <member name="M:StarfieldUtils.ColorUtils.ColorSpace.ConvertColorSpace.ToHSB(StarfieldUtils.ColorUtils.ColorSpace.YUV)">
             <summary>    Converts a YUV to an HSB color. </summary>
            
             <param name="colorSpace">    The color space. </param>
            
             <returns>    ColorSpace as a HSB. </returns>
        </member>
        <member name="M:StarfieldUtils.ColorUtils.ColorSpace.ConvertColorSpace.ToHSL(System.Drawing.Color)">
             <summary>    Converts a RGB to an HSL color. </summary>
            
             <param name="colorSpace">    The color space. </param>
            
             <returns>    ColorSpace as a HSL. </returns>
        </member>
        <member name="M:StarfieldUtils.ColorUtils.ColorSpace.ConvertColorSpace.ToHSL(StarfieldUtils.ColorUtils.ColorSpace.CIELAB)">
             <summary>    Converts a CIELAB to an HSL color. </summary>
            
             <param name="colorSpace">    The color space. </param>
            
             <returns>    ColorSpace as a HSL. </returns>
        </member>
        <member name="M:StarfieldUtils.ColorUtils.ColorSpace.ConvertColorSpace.ToHSL(StarfieldUtils.ColorUtils.ColorSpace.CIEXYZ)">
             <summary>    Converts a CIEXYZ to an HSL color. </summary>
            
             <param name="colorSpace">    The color space. </param>
            
             <returns>    ColorSpace as a HSL. </returns>
        </member>
        <member name="M:StarfieldUtils.ColorUtils.ColorSpace.ConvertColorSpace.ToHSL(StarfieldUtils.ColorUtils.ColorSpace.CMYK)">
             <summary>    Converts a CMYK to an HSL color. </summary>
            
             <param name="colorSpace">    The color space. </param>
            
             <returns>    ColorSpace as a HSL. </returns>
        </member>
        <member name="M:StarfieldUtils.ColorUtils.ColorSpace.ConvertColorSpace.ToHSL(StarfieldUtils.ColorUtils.ColorSpace.HSB)">
             <summary>    Converts a HSB color to an HSL color. </summary>
            
             <param name="colorSpace">    The color space. </param>
            
             <returns>    ColorSpace as a HSL. </returns>
        </member>
        <member name="M:StarfieldUtils.ColorUtils.ColorSpace.ConvertColorSpace.ToHSL(StarfieldUtils.ColorUtils.ColorSpace.YUV)">
             <summary>    Converts a YUV color to an HSL color. </summary>
            
             <param name="colorSpace">    The color space. </param>
            
             <returns>    ColorSpace as a HSL. </returns>
        </member>
        <member name="M:StarfieldUtils.ColorUtils.ColorSpace.ConvertColorSpace.ToYUV(System.Drawing.Color)">
             <summary>    Converts a RGB to a YUV color. </summary>
            
             <param name="colorSpace">    The color space. </param>
            
             <returns>    ColorSpace as a YUV. </returns>
        </member>
        <member name="M:StarfieldUtils.ColorUtils.ColorSpace.ConvertColorSpace.ToYUV(StarfieldUtils.ColorUtils.ColorSpace.CIELAB)">
             <summary>    Converts a CIELAB color to a YUV color. </summary>
            
             <param name="colorSpace">    The color space. </param>
            
             <returns>    ColorSpace as a YUV. </returns>
        </member>
        <member name="M:StarfieldUtils.ColorUtils.ColorSpace.ConvertColorSpace.ToYUV(StarfieldUtils.ColorUtils.ColorSpace.CIEXYZ)">
             <summary>    Converts a CIEXYZ color to a YUV color. </summary>
            
             <param name="colorSpace">    The color space. </param>
            
             <returns>    ColorSpace as a YUV. </returns>
        </member>
        <member name="M:StarfieldUtils.ColorUtils.ColorSpace.ConvertColorSpace.ToYUV(StarfieldUtils.ColorUtils.ColorSpace.CMYK)">
             <summary>    Converts a CMYK color to a YUV color. </summary>
            
             <param name="colorSpace">    The color space. </param>
            
             <returns>    ColorSpace as a YUV. </returns>
        </member>
        <member name="M:StarfieldUtils.ColorUtils.ColorSpace.ConvertColorSpace.ToYUV(StarfieldUtils.ColorUtils.ColorSpace.HSB)">
             <summary>    Converts a HSB color to a YUV color. </summary>
            
             <param name="colorSpace">    The color space. </param>
            
             <returns>    ColorSpace as a YUV. </returns>
        </member>
        <member name="M:StarfieldUtils.ColorUtils.ColorSpace.ConvertColorSpace.ToYUV(StarfieldUtils.ColorUtils.ColorSpace.HSL)">
             <summary>    Converts a HSL color to a YUV color. </summary>
            
             <param name="colorSpace">    The color space. </param>
            
             <returns>    ColorSpace as a YUV. </returns>
        </member>
        <member name="T:StarfieldUtils.ColorUtils.ColorSpace.HSB">
            <summary>    HSB color space. </summary> 
        </member>
        <member name="P:StarfieldUtils.ColorUtils.ColorSpace.HSB.Hue">
             <summary>    Gets or sets the hue. </summary>
            
             <value>  The hue. </value>
        </member>
        <member name="P:StarfieldUtils.ColorUtils.ColorSpace.HSB.Saturation">
             <summary>    Gets or sets the saturation. </summary>
            
             <value>  The saturation. </value>
        </member>
        <member name="P:StarfieldUtils.ColorUtils.ColorSpace.HSB.Brightness">
             <summary>    Gets or sets the brightness. </summary>
            
             <value>  The brightness. </value>
        </member>
        <member name="M:StarfieldUtils.ColorUtils.ColorSpace.HSB.#ctor(System.Double,System.Double,System.Double)">
             <summary>    Constructor. </summary>
            
             <param name="hue">           The hue. </param>
             <param name="saturation">    The saturation. </param>
             <param name="brightness">    The brightness. </param>
        </member>
        <member name="M:StarfieldUtils.ColorUtils.ColorSpace.HSB.op_Equality(StarfieldUtils.ColorUtils.ColorSpace.HSB,StarfieldUtils.ColorUtils.ColorSpace.HSB)">
             <summary>    Equality operator. </summary>
            
             <param name="left">  The left. </param>
             <param name="right"> The right. </param>
            
             <returns>    The result of the operation. </returns>
        </member>
        <member name="M:StarfieldUtils.ColorUtils.ColorSpace.HSB.op_Inequality(StarfieldUtils.ColorUtils.ColorSpace.HSB,StarfieldUtils.ColorUtils.ColorSpace.HSB)">
             <summary>    Inequality operator. </summary>
            
             <param name="left">  The left. </param>
             <param name="right"> The right. </param>
            
             <returns>    The result of the operation. </returns>
        </member>
        <member name="M:StarfieldUtils.ColorUtils.ColorSpace.HSB.Equals(System.Object)">
             <summary>
             Determines whether the specified <see cref="T:System.Object" />
              is equal to the current <see cref="T:System.Object" />
             .
             </summary>
            
             <param name="obj">   The object to compare with the current object. </param>
            
             <returns>
             true if the specified object  is equal to the current object; otherwise, false.
             </returns>
        </member>
        <member name="M:StarfieldUtils.ColorUtils.ColorSpace.HSB.GetHashCode">
             <summary>    Serves as a hash function for a particular type. </summary>
            
             <returns>
             A hash code for the current <see cref="T:System.Object" />
             .
             </returns>
        </member>
        <member name="T:StarfieldUtils.ColorUtils.ColorSpace.HSL">
            <summary>    HSL color space. </summary> 
        </member>
        <member name="P:StarfieldUtils.ColorUtils.ColorSpace.HSL.Hue">
             <summary>    Gets or sets the hue. </summary>
            
             <value>  The hue. </value>
        </member>
        <member name="P:StarfieldUtils.ColorUtils.ColorSpace.HSL.Saturation">
             <summary>    Gets or sets the saturation. </summary>
            
             <value>  The saturation. </value>
        </member>
        <member name="P:StarfieldUtils.ColorUtils.ColorSpace.HSL.Luminosity">
             <summary>    Gets or sets the luminosity. </summary>
            
             <value>  The luminosity. </value>
        </member>
        <member name="M:StarfieldUtils.ColorUtils.ColorSpace.HSL.#ctor(System.Double,System.Double,System.Double)">
             <summary>    Constructor. </summary>
            
             <param name="hue">           The hue. </param>
             <param name="saturation">    The saturation. </param>
             <param name="luminosity">    The luminosity. </param>
        </member>
        <member name="M:StarfieldUtils.ColorUtils.ColorSpace.HSL.op_Equality(StarfieldUtils.ColorUtils.ColorSpace.HSL,StarfieldUtils.ColorUtils.ColorSpace.HSL)">
             <summary>    Equality operator. </summary>
            
             <param name="left">  The left. </param>
             <param name="right"> The right. </param>
            
             <returns>    The result of the operation. </returns>
        </member>
        <member name="M:StarfieldUtils.ColorUtils.ColorSpace.HSL.op_Inequality(StarfieldUtils.ColorUtils.ColorSpace.HSL,StarfieldUtils.ColorUtils.ColorSpace.HSL)">
             <summary>    Inequality operator. </summary>
            
             <param name="left">  The left. </param>
             <param name="right"> The right. </param>
            
             <returns>    The result of the operation. </returns>
        </member>
        <member name="M:StarfieldUtils.ColorUtils.ColorSpace.HSL.Equals(System.Object)">
             <summary>
             Determines whether the specified <see cref="T:System.Object" />
              is equal to the current <see cref="T:System.Object" />
             .
             </summary>
            
             <param name="obj">   The object to compare with the current object. </param>
            
             <returns>
             true if the specified object  is equal to the current object; otherwise, false.
             </returns>
        </member>
        <member name="M:StarfieldUtils.ColorUtils.ColorSpace.HSL.GetHashCode">
             <summary>    Serves as a hash function for a particular type. </summary>
            
             <returns>
             A hash code for the current <see cref="T:System.Object" />
             .
             </returns>
        </member>
        <member name="T:StarfieldUtils.ColorUtils.ColorSpace.NamespaceDoc">
            <summary>
            Color Space Utilities
            </summary>
        </member>
        <member name="T:StarfieldUtils.ColorUtils.ColorSpace.YUV">
            <summary>    YUV color space. </summary> 
        </member>
        <member name="P:StarfieldUtils.ColorUtils.ColorSpace.YUV.Y">
             <summary>    Gets or sets the luma. </summary>
            
             <value>  The luma. </value>
        </member>
        <member name="P:StarfieldUtils.ColorUtils.ColorSpace.YUV.U">
             <summary>    Gets or sets the u chrominance. </summary>
            
             <value>  The u chrominance. </value>
        </member>
        <member name="P:StarfieldUtils.ColorUtils.ColorSpace.YUV.V">
             <summary>    Gets or sets the v chrominance. </summary>
            
             <value>  The v chrominance. </value>
        </member>
        <member name="M:StarfieldUtils.ColorUtils.ColorSpace.YUV.#ctor(System.Double,System.Double,System.Double)">
             <summary>    Constructor. </summary>
            
             <param name="y"> The luman. </param>
             <param name="u"> The u chrominance. </param>
             <param name="v"> The y chrominance. </param>
        </member>
        <member name="M:StarfieldUtils.ColorUtils.ColorSpace.YUV.op_Equality(StarfieldUtils.ColorUtils.ColorSpace.YUV,StarfieldUtils.ColorUtils.ColorSpace.YUV)">
             <summary>    Equality operator. </summary>
            
             <param name="left">  The left. </param>
             <param name="right"> The right. </param>
            
             <returns>    The result of the operation. </returns>
        </member>
        <member name="M:StarfieldUtils.ColorUtils.ColorSpace.YUV.op_Inequality(StarfieldUtils.ColorUtils.ColorSpace.YUV,StarfieldUtils.ColorUtils.ColorSpace.YUV)">
             <summary>    Inequality operator. </summary>
            
             <param name="left">  The left. </param>
             <param name="right"> The right. </param>
            
             <returns>    The result of the operation. </returns>
        </member>
        <member name="M:StarfieldUtils.ColorUtils.ColorSpace.YUV.Equals(System.Object)">
             <summary>
             Determines whether the specified <see cref="T:System.Object" />
              is equal to the current <see cref="T:System.Object" />
             .
             </summary>
            
             <param name="obj">   The object to compare with the current object. </param>
            
             <returns>
             true if the specified object  is equal to the current object; otherwise, false.
             </returns>
        </member>
        <member name="M:StarfieldUtils.ColorUtils.ColorSpace.YUV.GetHashCode">
             <summary>    Serves as a hash function for a particular type. </summary>
            
             <returns>
             A hash code for the current <see cref="T:System.Object" />
             .
             </returns>
        </member>
        <member name="T:StarfieldUtils.ColorUtils.ColorUtils">
            <summary>    Various helper functions for manipulating color. </summary>
        </member>
        <member name="M:StarfieldUtils.ColorUtils.ColorUtils.GetGradientColor(System.Drawing.Color,System.Drawing.Color,System.Single,System.Boolean)">
             <summary>    use n as a percent to determine the color between start and goal n should be in
                          the range [0.0,1.0], if it isn't wraparound can occur, preventOverlow will cap the value. </summary>
            
             <param name="start">             The start. </param>
             <param name="goal">              The goal. </param>
             <param name="n">                 The percent of the gradient between start and goal [0.0,1.0]. </param>
             <param name="preventOverflow">   True to prevent overflow. </param>
            
             <returns>    The gradient color. </returns>
        </member>
        <member name="M:StarfieldUtils.ColorUtils.ColorUtils.GetMultiColorGradient(System.Drawing.Color[],System.Single,System.Boolean)">
             <summary>    takes a list of know reference points and uses n as a percent between them. </summary>
            
             <param name="colors">            The colors. </param>
             <param name="n">                 The percent of the gradient on the multi-stop color path [0.0,1.0]. </param>
             <param name="preventOverflow">   True to prevent overflow. </param>
            
             <returns>    The multi color gradient. </returns>
        </member>
        <member name="M:StarfieldUtils.ColorUtils.ColorUtils.GetRandomVibrantColor">
             <summary>    Retrieves a random vibrant color. For the purposes of the starfield, vibrant colors are defined as those without
                          any grey component, this means that only two of the color components can have values. </summary>
            
             <returns>    The random vibrant color. </returns>
        </member>
        <member name="M:StarfieldUtils.ColorUtils.ColorUtils.GetVibrantColorGradient(System.Single)">
                     * <summary>  This function takes a single float as a percentage of red to red
                                  on the vibrant color spectrum as described above. Both 0.0 and 1.0
                                  will yield red. </summary>
                     * <para>  For the purposes of the starfield, vibrant colors are defined as those 
                     *         without any grey component, this means that only two of the color 
                     *         components can have values.</para>
                     *
                     * <param name="n"> The float to process. </param>
                     *
                     * <returns>    The vibrant color gradient. </returns>
        </member>
        <member name="M:StarfieldUtils.ColorUtils.ColorUtils.BlendAveraged(System.Drawing.Color[],System.Double[])">
             <summary>    Blend the colors using a weighted average. </summary>
            
             <remarks>    Volar, 2/13/2017. </remarks>
            
             <exception cref="T:System.ArgumentException"> Thrown when colors and weights don't have the same number of elements. </exception>
            
             <param name="colors">    The colors. </param>
             <param name="weights">   The weights. </param>
            
             <returns>    A Color. </returns>
        </member>
        <member name="M:StarfieldUtils.ColorUtils.ColorUtils.BlendRaw(System.Drawing.Color[],System.Double[])">
             <summary>    Blend using raw weights. </summary>
            
             <exception cref="T:System.ArgumentException"> Thrown when colors and weights don't have the same number of elements. </exception>
            
             <param name="colors">    The colors. </param>
             <param name="weights">   The weights. </param>
            
             <returns>    A Color. </returns>
        </member>
        <member name="M:StarfieldUtils.ColorUtils.ColorUtils.Blend(System.Drawing.Color,System.Drawing.Color)">
             <summary>    Blends two colors. </summary>
            
             <param name="color1">    The first color. </param>
             <param name="color2">    The second color. </param>
            
             <returns>    A Color. </returns>
        </member>
        <member name="M:StarfieldUtils.ColorUtils.ColorUtils.ToGrayScale(System.Drawing.Color)">
             <summary>    Converts a color to a gray scale. </summary>
            
             <param name="color"> The color to convert. </param>
            
             <returns>    Color as a grayscal Color. </returns>
        </member>
        <member name="T:StarfieldUtils.ColorUtils.NamespaceDoc">
            <summary>
            Various Color Utilities
            </summary>
        </member>
        <member name="T:StarfieldUtils.DataStructures.NamespaceDoc">
            <summary>
            Various Data Structures
            </summary>
        </member>
        <member name="T:StarfieldUtils.DataStructures.PriorityQueue`1">
             <summary>    Generic Priority Queue. </summary>
            
             <typeparam name="T"> Generic type parameter. </typeparam>
        </member>
        <member name="M:StarfieldUtils.DataStructures.PriorityQueue`1.#ctor(System.Comparison{`0})">
             <summary>    Constructor. </summary>
            
             <exception cref="T:System.ArgumentException"> Thrown when comparison is null and T is not an IComparable&lt;T&gt;. </exception>
            
             <param name="comparison">    (Optional) The comparison. </param>
        </member>
        <member name="M:StarfieldUtils.DataStructures.PriorityQueue`1.Enqueue(`0)">
             <summary>    Adds an object onto the end of this queue. </summary>
            
             <param name="item">  The item. </param>
        </member>
        <member name="M:StarfieldUtils.DataStructures.PriorityQueue`1.Dequeue">
             <summary>    Removes the head object from this queue. </summary>
            
             <returns>    The head object from this queue. </returns>
        </member>
        <member name="M:StarfieldUtils.DataStructures.PriorityQueue`1.Peek">
             <summary>    Returns the top-of-stack object without removing it. </summary>
            
             <returns>    The current top-of-stack object. </returns>
        </member>
        <member name="M:StarfieldUtils.DataStructures.PriorityQueue`1.Count">
             <summary>    Gets the count. </summary>
            
             <returns>    An int. </returns>
        </member>
        <member name="M:StarfieldUtils.DataStructures.PriorityQueue`1.ToString">
             <summary>    Returns a string that represents the current object. </summary>
            
             <returns>    A string that represents the current object. </returns>
        </member>
        <member name="M:StarfieldUtils.DataStructures.PriorityQueue`1.IsConsistent">
             <summary>    Query if this object is consistent. </summary>
            
             <returns>    True if consistent, false if not. </returns>
        </member>
        <member name="T:StarfieldUtils.DisplayUtils.NamespaceDoc">
            <summary>
            Various Display Utilities
            </summary>
        </member>
        <member name="T:StarfieldUtils.DisplayUtils.Render2D">
            <summary>    A class that renders 2D images to the 3D display. </summary> 
        </member>
        <member name="T:StarfieldUtils.DisplayUtils.Render2D.RenderStyle">
            <summary>    Values that represent render styles. </summary> 
        </member>
        <member name="F:StarfieldUtils.DisplayUtils.Render2D.RenderStyle.Stretch">
            <summary>    An enum constant representing the stretch to fit option. (change the aspect ratio to fill the whole display) </summary> 
        </member>
        <member name="F:StarfieldUtils.DisplayUtils.Render2D.RenderStyle.LetterBox">
            <summary>    An enum constant representing the letter box option. (maintain aspect ratio and put black bars around the image)</summary> 
        </member>
        <member name="F:StarfieldUtils.DisplayUtils.Render2D.RenderStyle.Crop">
            <summary>    An enum constant representing the crop option. (maintain aspect ratio and cut off portions of the image that extend beyond the display)</summary> 
        </member>
        <member name="M:StarfieldUtils.DisplayUtils.Render2D.#ctor(Starfield.StarfieldModel,StarfieldUtils.MathUtils.Vec3D)">
             <summary>    Constructor. </summary>
            
             <param name="Starfield"> The starfield to render to. </param>
             <param name="camera">    The camera location. </param>
        </member>
        <member name="M:StarfieldUtils.DisplayUtils.Render2D.Render(System.Drawing.Image,StarfieldUtils.DisplayUtils.Render2D.RenderStyle)">
             <summary>    Renders the image to the starfield using the given render style. </summary>
            
             <param name="img">   The image. </param>
             <param name="style"> The render style. </param>
        </member>
        <member name="T:StarfieldUtils.DisplayUtils.StarfieldMixer">
             <summary>    A used to fade between/mix the outputs of multiple starfield drivers. </summary>
            
        </member>
        <member name="T:StarfieldUtils.DisplayUtils.StarfieldMixer.FadeStyle">
             <summary>    Values that represent fade styles. </summary>
            
        </member>
        <member name="F:StarfieldUtils.DisplayUtils.StarfieldMixer.FadeStyle.Linear">
            <summary>    An enum constant representing the linear option. </summary> 
        </member>
        <member name="F:StarfieldUtils.DisplayUtils.StarfieldMixer.FadeStyle.Sin">
            <summary>    An enum constant representing the Sine option. </summary> 
        </member>
        <member name="T:StarfieldUtils.DisplayUtils.StarfieldMixer.FadeCompletedHandler">
             <summary>    Handler, called when the fade completed. </summary>
            
             <param name="Sender">    Source of the event. </param>
             <param name="channel">   The channel. </param>
        </member>
        <member name="E:StarfieldUtils.DisplayUtils.StarfieldMixer.FadeCompleted">
            <summary>    Event queue for all listeners interested in FadeCompleted events. </summary> 
        </member>
        <member name="M:StarfieldUtils.DisplayUtils.StarfieldMixer.#ctor(Starfield.StarfieldModel)">
             <summary>    Constructor. </summary>
            
             <param name="display">   The display. </param>
        </member>
        <member name="M:StarfieldUtils.DisplayUtils.StarfieldMixer.AddChannel">
             <summary>    Adds a channel. </summary>
            
             <returns>    A StarfieldModel that should be used by the driver driving this channel. </returns>
        </member>
        <member name="M:StarfieldUtils.DisplayUtils.StarfieldMixer.RemoveChannel(Starfield.StarfieldModel)">
             <summary>    Removes the channel described by channel. </summary>
            
             <param name="channel">   The StarfieldModel backing the channel. </param>
        </member>
        <member name="M:StarfieldUtils.DisplayUtils.StarfieldMixer.CrossFade(Starfield.StarfieldModel,Starfield.StarfieldModel,System.TimeSpan,StarfieldUtils.DisplayUtils.StarfieldMixer.FadeStyle)">
             <summary>    Cross fade between two channels. </summary>
            
             <param name="channelIn">     The channel to fade in. </param>
             <param name="channelOut">    The channel to fade out. </param>
             <param name="duration">      The duration of the fade. </param>
             <param name="fadeStyle">     The fade style. </param>
        </member>
        <member name="M:StarfieldUtils.DisplayUtils.StarfieldMixer.FadeOut(System.TimeSpan,StarfieldUtils.DisplayUtils.StarfieldMixer.FadeStyle)">
             <summary>    Fade out  all channels. </summary>
            
             <param name="duration">  The duration. </param>
             <param name="fadeStyle"> The fade style. </param>
        </member>
        <member name="M:StarfieldUtils.DisplayUtils.StarfieldMixer.FadeOut(Starfield.StarfieldModel,System.TimeSpan,StarfieldUtils.DisplayUtils.StarfieldMixer.FadeStyle)">
             <summary>    Fade out the given channel. </summary>
            \
             <param name="channel">   The channel. </param>
             <param name="duration">  The duration. </param>
             <param name="fadeStyle"> The fade style. </param>
        </member>
        <member name="M:StarfieldUtils.DisplayUtils.StarfieldMixer.FadeIn(Starfield.StarfieldModel,System.TimeSpan,StarfieldUtils.DisplayUtils.StarfieldMixer.FadeStyle)">
             <summary>    Fade in the given channel. </summary>
            
             <param name="channel">   The channel. </param>
             <param name="duration">  The duration. </param>
             <param name="fadeStyle"> The fade style. </param>
        </member>
        <member name="M:StarfieldUtils.DisplayUtils.StarfieldMixer.SetChannelValue(Starfield.StarfieldModel,System.Single)">
             <summary>    Sets the fade percent for the given channel. </summary>
            
             <remarks>    Volar, 2/13/2017. </remarks>
            
             <param name="channel">   The channel. </param>
             <param name="level">     The level [0.0,1.0]. </param>
        </member>
        <member name="T:StarfieldUtils.Display.PercentMixer">
            <summary>    A threshold mixer. This class is used to blend two starfield driver outputs into a single starfield.
                         It combines the colors in the two starfield outputs using the greyscale percentage in a third and 
                         stores the output. </summary>
        </member>
        <member name="P:StarfieldUtils.Display.PercentMixer.One">
            <summary>    Gets the first starfield. </summary>
        </member>
        <member name="P:StarfieldUtils.Display.PercentMixer.Two">
            <summary>    Gets the second starfield. </summary>
        </member>
        <member name="M:StarfieldUtils.Display.PercentMixer.#ctor(Starfield.StarfieldModel,Starfield.StarfieldModel,Starfield.StarfieldModel)">
             <summary>    Constructor. </summary>
            
             <param name="starfieldOne">  The starfield one. </param>
             <param name="starfieldTwo">  The starfield two. </param>
             <param name="percent">       The percent. </param>
        </member>
        <member name="M:StarfieldUtils.Display.PercentMixer.GetColor(System.Int32,System.Int32,System.Int32)">
             <summary>    returns the color of the LED at (x, y, z) </summary>
            
             <param name="x"> The x coordinate. </param>
             <param name="y"> The y coordinate. </param>
             <param name="z"> The z coordinate. </param>
            
             <returns>    The color. </returns>
        </member>
        <member name="M:StarfieldUtils.Display.PercentMixer.SetColor(System.Int32,System.Int32,System.Int32,System.Drawing.Color)">
            <summary>    This function will throw an exception for this implementation of the StarifeldModel. 
                         This is a starfield mixer, SetColor should not be called directly. It must be called on one of the 3 component starfields.</summary>
        </member>
        <member name="M:StarfieldUtils.Display.PercentMixer.Clear">
            <summary>    This function will throw an exception for this implementation of the StarifeldModel. 
                         This is a starfield mixer, Clear should not be called directly. It must be called on one of the 3 component starfields.</summary>
        </member>
        <member name="T:StarfieldUtils.FlockingUtils.Boid">
            <summary>    Represents an individual boid for the boid swarming algorithm. </summary> 
        </member>
        <member name="M:StarfieldUtils.FlockingUtils.Boid.#ctor(System.Double,System.Double,System.Double,System.Drawing.Color)">
             <summary>    Constructor. </summary>
            
             <param name="x">     The x coordinate. </param>
             <param name="y">     The y coordinate. </param>
             <param name="z">     The z coordinate. </param>
             <param name="color"> The color. </param>
        </member>
        <member name="M:StarfieldUtils.FlockingUtils.Boid.#ctor(StarfieldUtils.MathUtils.Vec3D,System.Int32,System.Drawing.Color)">
             <summary>    Constructor with random placement. </summary>
            
             <param name="center">    The center. </param>
             <param name="boundary">  The boundary. </param>
             <param name="color">     The color. </param>
        </member>
        <member name="M:StarfieldUtils.FlockingUtils.Boid.Move(System.Collections.Generic.List{StarfieldUtils.FlockingUtils.Boid},StarfieldUtils.MathUtils.Vec3D,StarfieldUtils.MathUtils.Vec3D)">
             <summary>    Movement step function. </summary>
            
             <param name="boids">     The boids. </param>
             <param name="goal">      The goal. </param>
             <param name="center">    The center. </param>
        </member>
        <member name="T:StarfieldUtils.FlockingUtils.NamespaceDoc">
            <summary>
            Flocking Utilities
            </summary>
        </member>
        <member name="T:StarfieldUtils.FlockingUtils.Swarm">
            <summary>    Represents a swarm of boids. </summary> 
        </member>
        <member name="F:StarfieldUtils.FlockingUtils.Swarm.Boids">
            <summary>    The boids. </summary> 
        </member>
        <member name="F:StarfieldUtils.FlockingUtils.Swarm.Goal">
            <summary>    The goal. </summary> 
        </member>
        <member name="M:StarfieldUtils.FlockingUtils.Swarm.#ctor(StarfieldUtils.MathUtils.Vec3D,System.Int32,System.Int32,System.Drawing.Color[])">
             <summary>    Constructor. </summary>
            
             <param name="center">    The center. </param>
             <param name="boundary">  The boundary. </param>
             <param name="count">     Number of. </param>
             <param name="colors">    The colors. </param>
        </member>
        <member name="M:StarfieldUtils.FlockingUtils.Swarm.MoveBoids">
            <summary>    Move all the boids. </summary> 
        </member>
        <member name="M:StarfieldUtils.FlockingUtils.Swarm.GetCenter">
             <summary>    Gets the center of the flock. </summary>
            
             <returns>    The center. </returns>
        </member>
        <member name="M:StarfieldUtils.MathUtils.Voronoi.NearestSitePoint(System.Single,System.Single)">
            
            @param proximityMap a BitmapData whose regions are filled with the site index values; see PlanePointsCanvas::fillRegions()
            @param x
            @param y
            @return coordinates of nearest Site to (x, y)
            
        </member>
        <member name="T:StarfieldUtils.MathUtils.FFTTools">
             <summary>    Class providing various computations related to Fast Fourier Transforms. </summary>
            
             <remarks>    Volar, 2/13/2017. </remarks>
        </member>
        <member name="M:StarfieldUtils.MathUtils.FFTTools.RoundToNextPowerOf2(System.Int32)">
             <summary>    round a value up in powers of 2. </summary>
            
             <param name="x"> The value to round. </param>
            
             <returns>    The rounded value. </returns>
        </member>
        <member name="M:StarfieldUtils.MathUtils.FFTTools.ComputeFFTPolarMag(System.Single[],System.Single[],System.Single@)">
             <summary>    Calculates the FFT using polar magnitude. </summary>
            
             <exception cref="T:System.Exception"> Thrown when length of fft result array must be big enough for next power of two. </exception>
            
             <param name="samples">       The samples. </param>
             <param name="fft">           The FFT. </param>
             <param name="dcComponent">   [out] The device-context component. </param>
        </member>
        <member name="M:StarfieldUtils.MathUtils.FFTTools.Average(System.Byte[])">
             <summary>    returns the average of all the bytes in an array. </summary>
            
             <remarks>    Volar, 2/13/2017. </remarks>
            
             <param name="data">  The data. </param>
            
             <returns>    The average value. </returns>
        </member>
        <member name="T:StarfieldUtils.MathUtils.Homography">
            <summary>    A class with various utilities for performing homography calculations. </summary> 
        </member>
        <member name="M:StarfieldUtils.MathUtils.Homography.GlobalCoordsToCameraCoords(StarfieldUtils.MathUtils.Vec3D,StarfieldUtils.MathUtils.Vec3D,StarfieldUtils.MathUtils.Vec3D)">
             <summary>    Transforms global coordinates to camera based coordinates. </summary>
            
             <param name="cameraLoc"> The camera location. </param>
             <param name="theta">     The rotations. </param>
             <param name="point">     The point to transform. </param>
            
             <returns>    A Vec3D. </returns>
        </member>
        <member name="M:StarfieldUtils.MathUtils.Homography.Project3Dto2D(StarfieldUtils.MathUtils.Vec3D,StarfieldUtils.MathUtils.Vec3D,StarfieldUtils.MathUtils.Vec3D,System.Double)">
             <summary>    3D to 2D. https://en.wikipedia.org/wiki/3D_projection. </summary>
            
             <param name="cameraLoc">         The camera location. </param>
             <param name="theta">             The point the camera is looking at. </param>
             <param name="point">             The point to project to the 2D position. </param>
             <param name="distanceToScreen">  The distance to viewing screen. </param>
            
             <returns>
             A Vec2D representing the x,y,z deltas from the vector between the camera and 
             viewing screen center.
             </returns>
        </member>
        <member name="M:StarfieldUtils.MathUtils.Homography.Project3Dto2DFromPoints(StarfieldUtils.MathUtils.Vec3D,StarfieldUtils.MathUtils.Vec3D,StarfieldUtils.MathUtils.Vec3D,System.Double)">
             <summary>    Project 3 dto 2D from points. </summary>
            
             <param name="cameraLoc">         The camera location. </param>
             <param name="lookingAt">         The point the camera is centered on. </param>
             <param name="point">             The point to project to the 2D position. </param>
             <param name="distanceToScreen">  The distance to viewing screen. </param>
            
             <returns>
             A Vec2D representing the x,y,z deltas from the vector between the camera and 
             viewing screen center.
             </returns>
        </member>
        <member name="T:StarfieldUtils.MathUtils.KMeansPoint">
            <summary>    A point class used for K Means Clustering. </summary>
        </member>
        <member name="T:StarfieldUtils.MathUtils.KMeansResult">
            <summary>    Encapsulates the result of a K Means clustering run. </summary>
        </member>
        <member name="F:StarfieldUtils.MathUtils.KMeansResult.centroids">
            <summary>    The centroids of the clusters. </summary> 
        </member>
        <member name="F:StarfieldUtils.MathUtils.KMeansResult.membership">
            <summary>    Which points are in what centroids. </summary> 
        </member>
        <member name="T:StarfieldUtils.MathUtils.KMeans">
             <summary>    Class for providing K Means related computations. </summary>
            
             <remarks>    Volar, 2/13/2017. </remarks>
        </member>
        <member name="M:StarfieldUtils.MathUtils.KMeans.FindKMeans(StarfieldUtils.MathUtils.KMeansPoint[],System.Int32,System.Int32)">
             <summary>    Calculates centroids of numClusters clusters using K Means. </summary>
            
             <param name="points">        The points. </param>
             <param name="numClusters">   Number of clusters. </param>
             <param name="numIterations"> Number of iterations. </param>
            
             <returns>    The found k means. </returns>
        </member>
        <member name="M:StarfieldUtils.MathUtils.KMeans.Cluster(StarfieldUtils.MathUtils.KMeansPoint[],System.Int32,System.Int32)">
             <summary>    clusters a set with an unknown number of clusters runs kmeans for k in the range
                          1 to maxClusters finds the k where increasing k gives diminishing returns
                          https://en.wikipedia.org/wiki/Determining_the_number_of_clusters_in_a_data_set#An_Information_Theoretic_Approach. </summary>
            
             <param name="points">        The points. </param>
             <param name="maxClusters">   The maximum clusters. </param>
             <param name="numIterations"> Number of iterations. </param>
            
             <returns>    A KMeansResult. </returns>
        </member>
        <member name="M:StarfieldUtils.MathUtils.KMeans.getDistortion(StarfieldUtils.MathUtils.KMeansResult,StarfieldUtils.MathUtils.KMeansPoint[])">
             <summary>    there are more complicated/better ways of doing this for now, we'll just use the
                          sum of the distances between the points their centroids. </summary>
            
             <param name="result">    The result. </param>
             <param name="points">    The points. </param>
            
             <returns>    The distortion. </returns>
        </member>
        <member name="T:StarfieldUtils.MathUtils.NamespaceDoc">
            <summary>
            Various Math Utilities
            </summary>
        </member>
        <member name="T:StarfieldUtils.MathUtils.Quaternion">
            <summary>    A quaternion. </summary> 
        </member>
        <member name="F:StarfieldUtils.MathUtils.Quaternion.X">
            <summary>    The X coordinate. </summary> 
        </member>
        <member name="F:StarfieldUtils.MathUtils.Quaternion.Y">
            <summary>    The Y coordinate. </summary> 
        </member>
        <member name="F:StarfieldUtils.MathUtils.Quaternion.Z">
            <summary>    The Z coordinate. </summary> 
        </member>
        <member name="F:StarfieldUtils.MathUtils.Quaternion.W">
            <summary>    The W coordinate. </summary> 
        </member>
        <member name="M:StarfieldUtils.MathUtils.Quaternion.#ctor(System.Double,System.Double,System.Double,System.Double)">
             <summary>    Constructor. </summary>
            
             <param name="w"> The W coordinate. </param>
             <param name="x"> The X coordinate. </param>
             <param name="y"> The Y coordinate. </param>
             <param name="z"> The Z coordinate. </param>
        </member>
        <member name="M:StarfieldUtils.MathUtils.Quaternion.#ctor(System.Single,StarfieldUtils.MathUtils.Vec3D)">
             <summary>    Constructor. </summary>
            
             <param name="w"> The W coordinate. </param>
             <param name="v"> The Vec3D with x,y,z coordinates. </param>
        </member>
        <member name="P:StarfieldUtils.MathUtils.Quaternion.V">
             <summary>    Gets or sets the X,Y,Z coordinates as a Vec3D. </summary>
            
             <value>  The Vec3D. </value>
        </member>
        <member name="M:StarfieldUtils.MathUtils.Quaternion.Normalise">
            <summary>    Normalizes this quaternion to unit length.</summary> 
        </member>
        <member name="M:StarfieldUtils.MathUtils.Quaternion.Conjugate">
            <summary>    Transposition (reversal) of the elements of this quaternion. </summary> 
        </member>
        <member name="M:StarfieldUtils.MathUtils.Quaternion.Euler(System.Double,System.Double,System.Double)">
             <summary>    Conversts Euler angles to a quaternion. </summary>
            
             <param name="x"> The X coordinate. </param>
             <param name="y"> The Y coordinate. </param>
             <param name="z"> The Z coordinate. </param>
            
             <returns>    A Quaternion. </returns>
        </member>
        <member name="M:StarfieldUtils.MathUtils.Quaternion.FromAxisAngle(StarfieldUtils.MathUtils.Vec3D,System.Double)">
             <summary>    From axis angle. </summary>
            
             <param name="axis">          The axis. </param>
             <param name="angleRadian">   The angle radian. </param>
        </member>
        <member name="M:StarfieldUtils.MathUtils.Quaternion.Copy">
             <summary>    Copies this object. </summary>
            
             <returns>    A Quaternion. </returns>
        </member>
        <member name="M:StarfieldUtils.MathUtils.Quaternion.Multiply(StarfieldUtils.MathUtils.Quaternion)">
             <summary>    Multiplies the given quaternion with this one. </summary>
            
             <param name="q"> The Quaternion to multiply. </param>
        </member>
        <member name="M:StarfieldUtils.MathUtils.Quaternion.Rotate(StarfieldUtils.MathUtils.Vec3D)">
             <summary>    Rotate the given point using this quaternion. -1 V'=q*V*q</summary>
            
             <param name="pt">    The point. </param>
        </member>
        <member name="M:StarfieldUtils.MathUtils.Quaternion.Rotate(StarfieldUtils.MathUtils.Vec3D[])">
             <summary>    Rotates the given points using this quaternion. </summary>
            
             <param name="nodes"> The nodes. </param>
        </member>
        <member name="M:StarfieldUtils.MathUtils.Quaternion.op_Multiply(StarfieldUtils.MathUtils.Quaternion,StarfieldUtils.MathUtils.Quaternion)">
             <summary>    Multiplying q2 with q1 is meaning of doing q1 first then q2. </summary>
            
             <param name="q2">    The second Quaternion. </param>
             <param name="q1">    The first Quaternion. </param>
            
             <returns>    The combined quaternion. </returns>
        </member>
        <member name="M:StarfieldUtils.MathUtils.Quaternion.Equals(System.Object)">
             <summary>    Indicates whether this instance and a specified object are equal. </summary>
            
             <param name="obj">   Another object to compare to. </param>
            
             <returns>
             true if <paramref name="obj" />
              and this instance are the same type and represent the same value; otherwise, false.
             </returns>
        </member>
        <member name="M:StarfieldUtils.MathUtils.Quaternion.GetHashCode">
             <summary>    Returns the hash code for this instance. </summary>
            
             <returns>    A 32-bit signed integer that is the hash code for this instance. </returns>
        </member>
        <member name="M:StarfieldUtils.MathUtils.Quaternion.op_Equality(StarfieldUtils.MathUtils.Quaternion,StarfieldUtils.MathUtils.Quaternion)">
             <summary>    Equality operator. </summary>
            
             <param name="q1">    The first Quaternion. </param>
             <param name="q2">    The second Quaternion. </param>
            
             <returns>    The result of the operation. </returns>
        </member>
        <member name="M:StarfieldUtils.MathUtils.Quaternion.op_Inequality(StarfieldUtils.MathUtils.Quaternion,StarfieldUtils.MathUtils.Quaternion)">
             <summary>    Inequality operator. </summary>
            
             <param name="q1">    The first Quaternion. </param>
             <param name="q2">    The second Quaternion. </param>
            
             <returns>    The result of the operation. </returns>
        </member>
        <member name="T:StarfieldUtils.MathUtils.SimplexNoise">
            <summary>    A class to help generate perlin  and simplex noise. </summary>
            <para> Originally by Casey Duncan, from https://github.com/caseman/noise.
            Repackaged as a plain C header by Micah Elizabeth Scott, from 
            https://github.com/ArdentHeavyIndustries/amcp-rpi/blob/master/effects/noise.h
            Ported to C# by Lane Haury</para>
        </member>
        <member name="M:StarfieldUtils.MathUtils.SimplexNoise.noise2(System.Single,System.Single)">
             <summary>    2D Noise. </summary>
            
             <param name="x"> The x coordinate. </param>
             <param name="y"> The y coordinate. </param>
            
             <returns>    A float. </returns>
        </member>
        <member name="M:StarfieldUtils.MathUtils.SimplexNoise.noise3(System.Single,System.Single,System.Single)">
             <summary>    3D Noise. </summary>
            
             <param name="x"> The x coordinate. </param>
             <param name="y"> The y coordinate. </param>
             <param name="z"> The z coordinate. </param>
            
             <returns>    A float. </returns>
        </member>
        <!-- Badly formed XML comment ignored for member "M:StarfieldUtils.MathUtils.SimplexNoise.fbm_noise3(System.Single,System.Single,System.Single,System.Int32,System.Single,System.Single)" -->
        <member name="M:StarfieldUtils.MathUtils.SimplexNoise.noise4(System.Single,System.Single,System.Single,System.Single)">
             <summary>    4D Noise </summary>
            
             <param name="x"> The x coordinate. </param>
             <param name="y"> The y coordinate. </param>
             <param name="z"> The z coordinate. </param>
             <param name="w"> The w coordinate. </param>
            
             <returns>    A float. </returns>
        </member>
        <!-- Badly formed XML comment ignored for member "M:StarfieldUtils.MathUtils.SimplexNoise.fbm_noise4(System.Single,System.Single,System.Single,System.Single,System.Int32,System.Single,System.Single)" -->
        <member name="T:StarfieldUtils.MathUtils.Vec2D">
            <summary>    A simple 2D vector. </summary>
        </member>
        <member name="F:StarfieldUtils.MathUtils.Vec2D.baseVector">
            <summary>    The base 3D vector. </summary> 
        </member>
        <member name="P:StarfieldUtils.MathUtils.Vec2D.Zero">
            <summary>    Gets the zero length vector from the origin. </summary>
        </member>
        <member name="P:StarfieldUtils.MathUtils.Vec2D.X">
            <summary>    Gets or sets the x component of this vector. </summary>
        </member>
        <member name="P:StarfieldUtils.MathUtils.Vec2D.Y">
            <summary>    Gets or sets the y component of this vector. </summary>
        </member>
        <member name="P:StarfieldUtils.MathUtils.Vec2D.XAxis">
             <summary>    Gets the unity vector along the x axis. </summary>
            
             <value>  The unity vector along the x axis. </value>
        </member>
        <member name="P:StarfieldUtils.MathUtils.Vec2D.YAxis">
             <summary>    Gets the unity vector along the y axis. </summary>
            
             <value>  The unity vector along the y axis. </value>
        </member>
        <member name="P:StarfieldUtils.MathUtils.Vec2D.Magnitude">
             <summary>    Gets the magnitude of this vector. </summary>
            
             <value>  The magnitude. </value>
        </member>
        <member name="M:StarfieldUtils.MathUtils.Vec2D.#ctor(System.Double,System.Double)">
             <summary>    Constructor. </summary>
            
             <remarks>    Volar, 2/13/2017. </remarks>
            
             <param name="X"> The X component. </param>
             <param name="Y"> The Y component. </param>
        </member>
        <member name="M:StarfieldUtils.MathUtils.Vec2D.DistanceTo(StarfieldUtils.MathUtils.Vec2D)">
             <summary>    Distance from this vector (as a point) to the supplied vector (as a point). </summary>
            
             <param name="vector">    The vector. </param>
            
             <returns>    A double. </returns>
        </member>
        <member name="M:StarfieldUtils.MathUtils.Vec2D.Dot(StarfieldUtils.MathUtils.Vec2D)">
             <summary>    Dot product of this vector with the given vector. </summary>
            
             <param name="vector">    The vector. </param>
            
             <returns>    A double. </returns>
        </member>
        <member name="M:StarfieldUtils.MathUtils.Vec2D.op_Subtraction(StarfieldUtils.MathUtils.Vec2D,StarfieldUtils.MathUtils.Vec2D)">
             <summary>    Subtraction operator. </summary>
            
             <param name="left">  The left. </param>
             <param name="right"> The right. </param>
            
             <returns>    The result of the operation. </returns>
        </member>
        <member name="M:StarfieldUtils.MathUtils.Vec2D.op_Addition(StarfieldUtils.MathUtils.Vec2D,StarfieldUtils.MathUtils.Vec2D)">
             <summary>    Addition operator. </summary>
            
             <param name="left">  The left. </param>
             <param name="right"> The right. </param>
            
             <returns>    The result of the operation. </returns>
        </member>
        <member name="M:StarfieldUtils.MathUtils.Vec2D.op_Multiply(StarfieldUtils.MathUtils.Vec2D,System.Double)">
             <summary>    Multiplication operator. </summary>
            
             <param name="vector">    The vector. </param>
             <param name="scalar">    The scalar. </param>
            
             <returns>    The result of the operation. </returns>
        </member>
        <member name="M:StarfieldUtils.MathUtils.Vec2D.op_Multiply(System.Double,StarfieldUtils.MathUtils.Vec2D)">
             <summary>    Multiplication operator. </summary>
            
             <param name="scalar">    The scalar. </param>
             <param name="vector">    The vector. </param>
            
             <returns>    The result of the operation. </returns>
        </member>
        <member name="M:StarfieldUtils.MathUtils.Vec2D.op_Division(StarfieldUtils.MathUtils.Vec2D,System.Double)">
             <summary>    Division operator. </summary>
            
             <param name="vector">    The vector. </param>
             <param name="scalar">    The scalar. </param>
            
             <returns>    The result of the operation. </returns>
        </member>
        <member name="M:StarfieldUtils.MathUtils.Vec2D.ToString">
             <summary>    Returns a string that represents the current object. </summary>
            
             <returns>    A string that represents the current object. </returns>
        </member>
        <member name="T:StarfieldUtils.MathUtils.Vec3D">
            <summary>    A simple 3D vector. </summary>
        </member>
        <member name="F:StarfieldUtils.MathUtils.Vec3D.X">
            <summary>    The X component. </summary> 
        </member>
        <member name="F:StarfieldUtils.MathUtils.Vec3D.Y">
            <summary>    The Y component. </summary> 
        </member>
        <member name="F:StarfieldUtils.MathUtils.Vec3D.Z">
            <summary>    The Z component. </summary> 
        </member>
        <member name="P:StarfieldUtils.MathUtils.Vec3D.XAxis">
             <summary>    Gets the unit vector along the x axis. </summary>
            
             <value>  The unit vector along the x axis. </value>
        </member>
        <member name="P:StarfieldUtils.MathUtils.Vec3D.YAxis">
             <summary>    Gets the unit vector along the y axis. </summary>
            
             <value>  The unit vector along the y axis. </value>
        </member>
        <member name="P:StarfieldUtils.MathUtils.Vec3D.ZAxis">
             <summary>    Gets the unit vector along the z axis. </summary>
            
             <value>  The unit vector along the z axis. </value>
        </member>
        <member name="P:StarfieldUtils.MathUtils.Vec3D.Magnitude">
             <summary>    Gets the magnitude of the vector. </summary>
            
             <value>  The magnitude. </value>
        </member>
        <member name="M:StarfieldUtils.MathUtils.Vec3D.#ctor(System.Double,System.Double,System.Double)">
             <summary>    Constructor. </summary>
            
             <param name="X"> The X component. </param>
             <param name="Y"> The Y component. </param>
             <param name="Z"> The Z component. </param>
        </member>
        <member name="M:StarfieldUtils.MathUtils.Vec3D.DistanceTo(StarfieldUtils.MathUtils.Vec3D)">
             <summary>    Distance from this vector (as a point) to the provided vector (as a point). </summary>
            
             <param name="vector">    The vector. </param>
            
             <returns>    A double. </returns>
        </member>
        <member name="M:StarfieldUtils.MathUtils.Vec3D.Dot(StarfieldUtils.MathUtils.Vec3D)">
             <summary>    Computes the dot product of this vector with the given vector. </summary>
            
             <param name="vector">    The vector. </param>
            
             <returns>    A double. </returns>
        </member>
        <member name="M:StarfieldUtils.MathUtils.Vec3D.op_Subtraction(StarfieldUtils.MathUtils.Vec3D,StarfieldUtils.MathUtils.Vec3D)">
             <summary>    Subtraction operator. </summary>
            
             <param name="left">  The left. </param>
             <param name="right"> The right. </param>
            
             <returns>    The result of the operation. </returns>
        </member>
        <member name="M:StarfieldUtils.MathUtils.Vec3D.op_Addition(StarfieldUtils.MathUtils.Vec3D,StarfieldUtils.MathUtils.Vec3D)">
             <summary>    Addition operator. </summary>
            
             <param name="left">  The left. </param>
             <param name="right"> The right. </param>
            
             <returns>    The result of the operation. </returns>
        </member>
        <member name="M:StarfieldUtils.MathUtils.Vec3D.op_Multiply(StarfieldUtils.MathUtils.Vec3D,System.Double)">
             <summary>    Multiplication operator. </summary>
            
             <param name="vector">    The vector. </param>
             <param name="scalar">    The scalar. </param>
            
             <returns>    The result of the operation. </returns>
        </member>
        <member name="M:StarfieldUtils.MathUtils.Vec3D.op_Multiply(System.Double,StarfieldUtils.MathUtils.Vec3D)">
             <summary>    Multiplication operator. </summary>
            
             <param name="scalar">    The scalar. </param>
             <param name="vector">    The vector. </param>
            
             <returns>    The result of the operation. </returns>
        </member>
        <member name="M:StarfieldUtils.MathUtils.Vec3D.op_Division(StarfieldUtils.MathUtils.Vec3D,System.Double)">
             <summary>    Division operator. </summary>
            
             <param name="vector">    The vector. </param>
             <param name="scalar">    The scalar. </param>
            
             <returns>    The result of the operation. </returns>
        </member>
        <member name="T:StarfieldUtils.SoundUtils.OnArtifactDetectedHandler">
             <summary>    This event will be called when a music analysis algorithm detects an artifact.
                          The Artifact class will indicate the type and details about it. </summary>
            
             <param name="artifact">  The artifact. </param>
        </member>
        <member name="T:StarfieldUtils.SoundUtils.OnFrameUpdateHandler">
             <summary>    This event will be called for each frame. It gives information like the volume,
                          FFT, and EQ channels for the frame. </summary>
            
             <param name="frame"> The frame. </param>
        </member>
        <member name="T:StarfieldUtils.SoundUtils.ArtifactDetectionAlgorithm">
            <summary>    the artifact types, currently only NaiveImportantNotes is implemented. </summary>
        </member>
        <member name="F:StarfieldUtils.SoundUtils.ArtifactDetectionAlgorithm.NaiveImportantNotes">
            <summary>    An enum constant representing the naive important notes option. </summary> 
        </member>
        <member name="F:StarfieldUtils.SoundUtils.ArtifactDetectionAlgorithm.TempoChange">
            <summary>    An enum constant representing the tempo change option. </summary> 
        </member>
        <member name="F:StarfieldUtils.SoundUtils.ArtifactDetectionAlgorithm.MoodChange">
            <summary>    An enum constant representing the mood change option. </summary> 
        </member>
        <member name="F:StarfieldUtils.SoundUtils.ArtifactDetectionAlgorithm.KeyChange">
            <summary>    An enum constant representing the key change option. </summary> 
        </member>
        <member name="F:StarfieldUtils.SoundUtils.ArtifactDetectionAlgorithm.Onset">
            <summary>    An enum constant representing the onset option. </summary> 
        </member>
        <member name="T:StarfieldUtils.SoundUtils.Artifact">
            <summary>    information about the artifact that was detected. </summary>
        </member>
        <member name="T:StarfieldUtils.SoundUtils.Frame">
            <summary>    information about the current sound frame. </summary>
        </member>
        <member name="F:StarfieldUtils.SoundUtils.Frame.bands">
            <summary>    a list of bands, the values are the upper values for their respective bands. </summary> 
        </member>
        <member name="F:StarfieldUtils.SoundUtils.Frame.EQ">
            <summary>    the list of EQ values for each channel the float array contains the EQ values, a
                         list entry is generated for each channel. </summary>
        </member>
        <member name="F:StarfieldUtils.SoundUtils.Frame.Samples">
            <summary>    the raw sample values for each channel the float array contains the sample values,
                         a list entry is generated for each channel. </summary>
        </member>
        <member name="F:StarfieldUtils.SoundUtils.Frame.FFT">
            <summary>    the list of FFT values for each channel the float array contains the FFT values,
                         a list entry is generated for each channel. </summary>
        </member>
        <member name="F:StarfieldUtils.SoundUtils.Frame.VU">
            <summary>    the list of volume values for each channel a list entry is generated for each
                         channel. </summary>
        </member>
        <member name="M:StarfieldUtils.SoundUtils.Frame.#ctor">
            <summary>    Default constructor. </summary>
        </member>
        <member name="T:StarfieldUtils.SoundUtils.BaseSoundProcessor">
            <summary>    any class that processes sound for the starfield should derive from this class. </summary>
        </member>
        <member name="E:StarfieldUtils.SoundUtils.BaseSoundProcessor.OnArtifactDetected">
            <summary>    Event queue for all listeners interested in OnArtifactDetected events. These events indicate that the sound processor has detected something interesting in the sound stream. </summary> 
        </member>
        <member name="E:StarfieldUtils.SoundUtils.BaseSoundProcessor.OnFrameUpdate">
            <summary>    Event queue for all listeners interested in OnFrameUpdate events. These events happen at a regular interval during sound processing. </summary> 
        </member>
        <member name="F:StarfieldUtils.SoundUtils.BaseSoundProcessor.lastArtifact">
            <summary>    the last time we detected artifact and sent a notification. </summary> 
        </member>
        <member name="F:StarfieldUtils.SoundUtils.BaseSoundProcessor.lastOnset">
            <summary>    The last onset Date/Time. </summary> 
        </member>
        <member name="P:StarfieldUtils.SoundUtils.BaseSoundProcessor.ArtifactDelay">
            <summary>    the minimum time between artifact notifications. </summary>
        </member>
        <member name="P:StarfieldUtils.SoundUtils.BaseSoundProcessor.MinimumArtifactThreshold">
            <summary>    Gets or sets the minimum artifact threshold. </summary>
        </member>
        <member name="M:StarfieldUtils.SoundUtils.BaseSoundProcessor.#ctor">
            <summary>    Specialised default constructor for use only by derived class. </summary>
        </member>
        <member name="M:StarfieldUtils.SoundUtils.BaseSoundProcessor.ProcessFrame(System.Single[],System.Single[],System.Int32)">
             <summary>    Process the audio frame. </summary>
            
             <param name="Channel1">      The first audio channel. </param>
             <param name="Channel2">      The second audio channel. </param>
             <param name="SampleRate">    The sample rate. </param>
        </member>
        <member name="T:StarfieldUtils.SoundUtils.CSCoreLoopbackSoundProcessor">
            <summary>    A sound processor based on the CS Core audio capture library. </summary>
        </member>
        <member name="M:StarfieldUtils.SoundUtils.CSCoreLoopbackSoundProcessor.#ctor">
            <summary>    Default constructor. </summary> 
        </member>
        <member name="T:StarfieldUtils.SoundUtils.NamespaceDoc">
            <summary>
            Sound Processing Utilities
            </summary>
        </member>
        <member name="T:StarfieldUtils.SoundUtils.NullSoundProcessor">
            <summary>    this class provides the interface but doesn't do any sound processing used for
                         platforms where sound response isn't implemented. </summary>
        </member>
        <member name="M:StarfieldUtils.SoundUtils.NullSoundProcessor.#ctor">
            <summary>    Default constructor. </summary>
        </member>
        <member name="T:StarfieldUtils.SoundUtils.SoundProcessor">
            <summary>    Used to retrieve the default sound processor for this platform. </summary>
        </member>
        <member name="M:StarfieldUtils.SoundUtils.SoundProcessor.GetSoundProcessor">
             <summary>    Gets sound processor. </summary>
            
             <returns>    The sound processor. </returns>
        </member>
        <member name="T:StarfieldUtils.SoundUtils.SoundUtils">
            <summary>    Generic utilities for audio processing. </summary>
        </member>
        <member name="M:StarfieldUtils.SoundUtils.SoundUtils.convertPCM(System.Int16[],System.Int16[])">
             <summary>    Convert 2 channels of PCM data into an array of floats [0.0,1.0]. </summary>
            
             <remarks>    Volar, 2/13/2017. </remarks>
            
             <param name="leftChannel">   The left channel. </param>
             <param name="rightChannel">  The right channel. </param>
            
             <returns>    The PCM converted. </returns>
        </member>
        <member name="M:Delaunay.DelaunayHelpers.Kruskal(System.Collections.Generic.List{Delaunay.Geo.LineSegment},Delaunay.KruskalType)">
            		*  Kruskal's spanning tree algorithm with union-find
            		 * Skiena: The Algorithm Design Manual, p. 196ff
            		 * Note: the sites are implied: they consist of the end points of the line segments
        </member>
        <member name="T:Delaunay.Edge">
            The line segment connecting the two Sites is part of the Delaunay triangulation;
            the line segment connecting the two Vertices is part of the Voronoi diagram
            @author ashaw
            
        </member>
        <member name="M:Delaunay.Edge.CreateBisectingEdge(Delaunay.Site,Delaunay.Site)">
            This is the only way to create a new Edge 
            @param site0
            @param site1
            @return 
            
        </member>
        <member name="M:Delaunay.Edge.ClipVertices(Delaunay.Geo.Rect)">
            Set _clippedVertices to contain the two ends of the portion of the Voronoi edge that is visible
            within the bounds.  If no part of the Edge falls within the bounds, leave _clippedVertices null. 
            @param bounds
            
        </member>
        <member name="M:Delaunay.EdgeList.Insert(Delaunay.Halfedge,Delaunay.Halfedge)">
            Insert newHalfedge to the right of lb 
            @param lb
            @param newHalfedge
            
        </member>
        <member name="M:Delaunay.EdgeList.Remove(Delaunay.Halfedge)">
            This function only removes the Halfedge from the left-right list.
            We cannot dispose it yet because we are still using it. 
            @param halfEdge
            
        </member>
        <member name="M:Delaunay.EdgeList.EdgeListLeftNeighbor(StarfieldUtils.MathUtils.Vec2D)">
            Find the rightmost Halfedge that is still left of p 
            @param p
            @return 
            
        </member>
        <member name="M:Delaunay.HalfedgePriorityQueue.AdjustMinBucket">
            move _minBucket until it contains an actual Halfedge (not just the dummy at the top); 
            
        </member>
        <member name="M:Delaunay.HalfedgePriorityQueue.Min">
            @return coordinates of the Halfedge's vertex in V*, the transformed Voronoi diagram
            
        </member>
        <member name="M:Delaunay.HalfedgePriorityQueue.ExtractMin">
            remove and return the min Halfedge
            @return 
            
        </member>
        <member name="M:Delaunay.Site.CompareTo(System.Object)">
            sort sites on y, then x, coord
            also change each site's _siteIndex to match its new position in the list
            so the _siteIndex can be used to identify the site for nearest-neighbor queries
            
            haha "also" - means more than one responsibility...
            
        </member>
        <member name="M:Delaunay.Site.CloseEnough(StarfieldUtils.MathUtils.Vec2D,StarfieldUtils.MathUtils.Vec2D)">
            		This ABSOLUTELY has to be public! Otherwise you CANNOT workaround
            		the major accuracy-bugs in the AS3Delaunay library (because it does NOT
            		use stable, consistent data, sadly: you cannot compare two Vec2D objects
            		and get a correct answer to "isEqual", it corrupts them at a micro level :( )
        </member>
        <member name="F:Delaunay.Site._edgeOrientations">
            		 which end of each edge hooks up with the previous edge in _edges:
            		 
            		 This MUST BE exposed - it is absurd to hide this, without it the Site
            		 is generating corrupt data (the .edges property is meaningless without
            		 access to this list)
        </member>
        <member name="M:Delaunay.SiteList.Circles">
            
            @return the largest circle centered at each site that fits in its region;
            if the region is infinite, return a circle of radius 0.
            
        </member>
        <member name="M:Delaunay.SiteList.NearestSitePoint(System.Single,System.Single)">
            
            @param proximityMap a BitmapData whose regions are filled with the site index values; see PlanePointsCanvas::fillRegions()
            @param x
            @param y
            @return coordinates of nearest Site to (x, y)
            
        </member>
        <member name="M:Delaunay.Vertex.Intersect(Delaunay.Halfedge,Delaunay.Halfedge)">
            This is the only way to make a Vertex
            
            @param halfedge0
            @param halfedge1
            @return 
            
        </member>
        <member name="M:BoundsCheck.Check(StarfieldUtils.MathUtils.Vec2D,Delaunay.Geo.Rect)">
            
            @param point
            @param bounds
            @return an int with the appropriate bits set if the Point lies on the corresponding bounds lines
            
        </member>
    </members>
</doc>
