<?xml version="1.0"?>
<doc>
    <assembly>
        <name>Starfield</name>
    </assembly>
    <members>
        <member name="T:Starfield.DriverLoader">
             <summary>    This class provides methods to load Starfield drivers. Use this if you want to create a new application to run the Starfield. </summary>
            
             <remarks>    Volar, 2/10/2017. </remarks>
        </member>
        <member name="T:Starfield.DriverLoader.DriverFilterDelegate">
             <summary>    Driver filter delegate. This delegate type is used to filter the drivers based on the driver type. For example, selecting only ambient drivers. </summary>
            
             <param name="type">  The type. </param>
            
             <returns>    A bool. True includes this driver in the set, False excludes it. </returns>
        </member>
        <member name="M:Starfield.DriverLoader.LoadPlugins(System.Collections.Generic.ICollection{Starfield.IStarfieldDriver})">
             <summary>    Loads all the drivers in the plugins directory. </summary>
            
             <param name="driverList">    List of drivers. </param>
        </member>
        <member name="M:Starfield.DriverLoader.LoadPlugins(System.Collections.Generic.ICollection{Starfield.IStarfieldDriver},Starfield.DriverLoader.DriverFilterDelegate)">
             <summary>    Loads the drivers that match the filter in the plugins directory. </summary>
            
             <param name="driverList">    List of drivers to fill with driver instances. </param>
             <param name="driverFilter">  A filter specifying the driver type(s) to include. </param>
        </member>
        <member name="M:Starfield.DriverLoader.LoadBuiltinDrivers(System.Collections.Generic.ICollection{Starfield.IStarfieldDriver})">
             <summary>    Loads all the builtin drivers from the current assembly. </summary>
            
             <param name="driverList">    List of drivers to fill with driver instances. </param>
        </member>
        <member name="M:Starfield.DriverLoader.LoadBuiltinDrivers(System.Collections.Generic.ICollection{Starfield.IStarfieldDriver},Starfield.DriverLoader.DriverFilterDelegate)">
             <summary>    Loads builtin drivers from the current assembly that match the filter. </summary>
            
             <param name="driverList">    List of drivers to fill with driver instances. </param>
             <param name="driverFilter">  A filter specifying the driver type(s) to include. </param>
        </member>
        <member name="M:Starfield.DriverLoader.LoadDefaultDrivers(System.Collections.Generic.ICollection{Starfield.IStarfieldDriver})">
             <summary>    Loads all drivers in the StarfieldDrivers.dll assembly. </summary>
            
             <param name="driverList">    List of drivers to fill with driver instances. </param>
        </member>
        <member name="M:Starfield.DriverLoader.LoadDefaultDrivers(System.Collections.Generic.ICollection{Starfield.IStarfieldDriver},Starfield.DriverLoader.DriverFilterDelegate)">
             <summary>    Loads all drivers in the StarfieldDrivers.dll assembly. </summary>
            
             <param name="driverList">    List of drivers to fill with driver instances. </param>
             <param name="driverFilter">  A filter specifying the driver type(s) to include. </param>
        </member>
        <member name="M:Starfield.DriverLoader.LoadCustomDrivers(System.String,System.Collections.Generic.ICollection{Starfield.CustomDriver})">
             <summary>    Loads drivers from a custom path. </summary>
            
             <remarks>    Volar, 2/10/2017. </remarks>
            
             <param name="fileName">      Filename of the file. </param>
             <param name="driverList">    List of drivers to fill with driver instances. </param>
        </member>
        <member name="T:Starfield.DriverTypes">
            <summary>    Defines the general classes of drivers the Starfield supports. This is used to
                         allow a control application to select an appropriate driver. </summary>
        </member>
        <member name="F:Starfield.DriverTypes.Ambient">
            <summary>    just an animation. </summary> 
        </member>
        <member name="F:Starfield.DriverTypes.AmbientInteractive">
            <summary>    an animation that responds to input, will work as an ambient animation. </summary> 
        </member>
        <member name="F:Starfield.DriverTypes.SoundResponsive">
            <summary>    responds to sound. </summary> 
        </member>
        <member name="F:Starfield.DriverTypes.Interactive">
            <summary>    only responds to interactivity. </summary> 
        </member>
        <member name="F:Starfield.DriverTypes.InteractiveSoundResponsive">
            <summary>    responds to sound and interactivity. </summary> 
        </member>
        <member name="F:Starfield.DriverTypes.Experimental">
            <summary>    still in development. </summary> 
        </member>
        <member name="T:Starfield.DriverType">
            <summary>    The DriverType attribute is used to tag a class at compile time, drivers that
                         connect over the network will need to supply this information when they connect. </summary>
        </member>
        <member name="M:Starfield.DriverType.#ctor(Starfield.DriverTypes)">
             <summary>    This is a positional argument. </summary>
            
             <param name="type">  The type. </param>
        </member>
        <member name="P:Starfield.DriverType.Type">
             <summary>    Gets the type. </summary>
            
             <value>  The type. </value>
        </member>
        <member name="T:Starfield.IStarfieldDriver">
            <summary>    Interface for Starfield drivers. Implement this interface to create a new animation.</summary>
        </member>
        <member name="M:Starfield.IStarfieldDriver.Render(Starfield.StarfieldModel)">
             <summary>    Renders the given Starfield. Called at every render iteration.</summary>
            
             <param name="Starfield"> The Starfield model to render to. </param>
        </member>
        <member name="M:Starfield.IStarfieldDriver.Start(Starfield.StarfieldModel)">
             <summary>    Starts the starfield driver. </summary>
             <para>    Called to initialize the driver when it is selected 
                       use the constructor to initialize state that will 
                       remain initialized for the life of the client, use 
                       this initialize state that should only be 
                       initialized while this driver is running or needs 
                       to be reset when this driver takes over</para>
            
             <param name="Starfield"> The starfield. </param>
        </member>
        <member name="M:Starfield.IStarfieldDriver.Stop">
            <summary>    Stops the starfield driver. </summary>  
            <para>    Called when another driver is selected. Clean up 
                      anything that should not be running while another 
                      driver is controlling the starfield</para>
        </member>
        <member name="T:Starfield.CustomDriver">
             <summary>    This class is used to create named instances for configurable sets of Starfield animations that can use multiple instances of a single driver type with different settings. </summary>
            
             <remarks>    Volar, 2/10/2017. </remarks>
        </member>
        <member name="F:Starfield.CustomDriver.Driver">
            <summary>    The instance of the driver used to render the animation. </summary> 
        </member>
        <member name="F:Starfield.CustomDriver.Name">
            <summary>    The name of this instance. </summary> 
        </member>
        <member name="M:Starfield.CustomDriver.ToString">
             <summary>    Returns the name of this object. </summary>
            
             <returns>    The name of object. </returns>
        </member>
        <member name="T:Starfield.NamespaceDoc">
            <summary>
            The base Starfield namespace all of the core classes of the Starfield are defined here.
            </summary>
        </member>
        <member name="T:Starfield.Networking.NamespaceDoc">
            <summary>
            All of the classes enabling starfield networking are defined here.
            </summary>
        </member>
        <member name="M:Starfield.Networking.OPCClient.#ctor">
            <summary>    Constructor. Creates an OPC connection to 127.0.0.1:7890</summary>
        </member>
        <member name="M:Starfield.Networking.OPCClient.#ctor(System.Net.IPAddress,System.Int32)">
             <summary>    Constructor. Creates an OPC connection to an arbitrary endpoint</summary>
            
             <param name="ip">        The IP. </param>
             <param name="port">      The port. </param>
        </member>
        <member name="M:Starfield.Networking.OPCClient.#ctor(System.Net.IPEndPoint)">
             <summary>    Constructor. Creates an OPC connection to an arbitrary endpoint</summary>
            
             <param name="endpoint">        The endpoint. </param>
        </member>
        <member name="T:Starfield.Networking.TCPStarfieldClient">
            <summary>    A TCP starfield client. This class sends the model's data to the pixel drivers via TCP. </summary> 
        </member>
        <member name="F:Starfield.Networking.TCPStarfieldClient.AnimationInterval">
            <summary>    interval between flushing pixel data to the server. </summary> 
        </member>
        <member name="M:Starfield.Networking.TCPStarfieldClient.#ctor(Starfield.StarfieldModel,System.Net.IPAddress,System.Int32)">
             <summary>    Constructor. </summary>
            
             <param name="starfield"> The starfield Model. </param>
             <param name="ip">        The IP. </param>
             <param name="port">      The port. </param>
        </member>
        <member name="M:Starfield.Networking.TCPStarfieldClient.Stop">
            <summary>    Stops this object. </summary> 
        </member>
        <member name="F:Starfield.Networking.TCPStarfieldClientTee.AnimationInterval">
            <summary>    interval between flushing pixel data to the server. </summary> 
        </member>
        <member name="M:Starfield.Networking.TCPStarfieldClientTee.#ctor(Starfield.StarfieldModel,System.Collections.Generic.List{System.Net.IPEndPoint})">
             <summary>    Constructor. Creates a set of OPC connections to arbitrary endpoints</summary>
            
             <param name="starfield"> The starfield Model. </param>
             <param name="servers">        The endpoints. </param>
        </member>
        <member name="M:Starfield.Networking.TCPStarfieldClientTee.Stop">
            <summary>    Stops this object. </summary> 
        </member>
        <member name="T:Starfield.Presence.Activity">
            <summary>    Represents the activity of a given location. </summary> 
        </member>
        <member name="F:Starfield.Presence.Activity.activity">
            <summary>    The activity. </summary> 
        </member>
        <member name="T:Starfield.Presence.NamespaceDoc">
            <summary>
            All of the classes providing presence information are defined here.
            </summary>
        </member>
        <member name="T:Starfield.Presence.PresenceClient">
            <summary>    Used to query presence information. </summary> 
        </member>
        <member name="M:Starfield.Presence.PresenceClient.#ctor">
            <summary>    Default constructor. </summary> 
        </member>
        <member name="M:Starfield.Presence.PresenceClient.#ctor(System.String)">
             <summary>    Constructor. </summary>
            
             <param name="URL">   URL of the remote presence server. </param>
        </member>
        <member name="M:Starfield.Presence.PresenceClient.GetLatest">
             <summary>    Gets the latest. </summary>
            
             <returns>    The latest. </returns>
        </member>
        <member name="T:Starfield.StarfieldModel">
            <summary>    This is the core Starfield class. It defines and manages all of the properties that determine what is displayed on the Starfield</summary>
        </member>
        <member name="F:Starfield.StarfieldModel.XStep">
            <summary>    distance in feet between pixels in the x direction. </summary> 
        </member>
        <member name="F:Starfield.StarfieldModel.YStep">
            <summary>    distance in feet between pixels in the y direction. </summary> 
        </member>
        <member name="F:Starfield.StarfieldModel.ZStep">
            <summary>    distance in feet between pixels in the z direction. </summary> 
        </member>
        <member name="F:Starfield.StarfieldModel.NumX">
            <summary>    Number of lights in the x direction. </summary> 
        </member>
        <member name="F:Starfield.StarfieldModel.NumY">
            <summary>    Number of lights in the y direction. </summary> 
        </member>
        <member name="F:Starfield.StarfieldModel.NumZ">
            <summary>    Number of lights in the z direction. </summary> 
        </member>
        <member name="F:Starfield.StarfieldModel.EnableDimmer">
            <summary>    True to enable, false to disable the dimmer. </summary> 
        </member>
        <member name="P:Starfield.StarfieldModel.Brightness">
             <summary>    Gets or sets the brightness scaler. </summary>
            
             <value>  The brightness scaler [0,1]. </value>
        </member>
        <member name="P:Starfield.StarfieldModel.NeedSafetyLight">
             <summary>    Gets or sets a value indicating whether the Starfield needs safety light. If true, the Starfield will ensure a minimum level of brightness in all of the lights.</summary>
            
             <value>  True if the Starfield needs safety light, false if not. </value>
        </member>
        <member name="P:Starfield.StarfieldModel.MinLevel">
             <summary>    Gets or sets the minimum level used for safety lighting. Compared againts the sum of the 3 component levels (R, G, B).</summary>
            
             <value>  The minimum level. </value>
        </member>
        <member name="M:Starfield.StarfieldModel.HomeStarfield">
             <summary>    create a model with the defaults for the home prototype. </summary>
            
             <returns>    A 12'x8'x7.5' StarfieldModel with 2' spacing. </returns>
        </member>
        <member name="M:Starfield.StarfieldModel.Starfield2016">
             <summary>    create a model with the defaults for the 2016 version. </summary>
            
             <returns>    A 20'x20'x10' StarfieldModel with 2' spacing and mirrored strands (the 20' strands were turned into 10'). </returns>
        </member>
        <member name="M:Starfield.StarfieldModel.Starfield2017">
             <summary>    create a model with the defaults for the 2017 version. </summary>
            
             <returns>    A 20'x20'x10' StarfieldModel with 2' spacing. </returns>
        </member>
        <member name="M:Starfield.StarfieldModel.CriticalNWStarfield">
             <summary>    create a model with the defaults for the Critical NW version. </summary>
            
             <returns>    A 20'x20'x10' StarfieldModel with 2' spacing. </returns>
        </member>
        <member name="M:Starfield.StarfieldModel.BurningManStarfield">
             <summary>    create a model with the defaults for the Burning Man version. </summary>
            
             <returns>    A 20'x20'x10' StarfieldModel with 2' spacing. </returns>
        </member>
        <member name="M:Starfield.StarfieldModel.DreamCriticalNWStarfield">
             <summary>    create a model with the defaults for the Critical NW version. </summary>
            
             <returns>    A 20'x20'x20' StarfieldModel with 2' spacing. </returns>
        </member>
        <member name="M:Starfield.StarfieldModel.DreamBurningManStarfield">
             <summary>    create a model with the defaults for the Burning Man version. </summary>
            
             <returns>    A 60'x60'x30' StarfieldModel with 4' horizontal spacing and 2' vertical. </returns>
        </member>
        <member name="M:Starfield.StarfieldModel.KekeMohy">
             <summary>    Keke mohy. </summary>
            
             <returns>    A StarfieldModel for use with the Keke Mohy art car. </returns>
        </member>
        <member name="M:Starfield.StarfieldModel.#ctor(System.Single,System.Single,System.Single,System.UInt64,System.UInt64,System.UInt64)">
             <summary>    Create a model with arbitrary parameters without presence. </summary>
            
             <param name="xStep">             Distance between lights in the x direction. </param>
             <param name="yStep">             Distance between lights in the y direction. </param>
             <param name="zStep">             Distance between lights in the z direction. </param>
             <param name="numX">              Number of lights in the x direction. </param>
             <param name="numY">              Number of lights in the y direction. </param>
             <param name="numZ">              Number of lights in the z direction. </param>
        </member>
        <member name="M:Starfield.StarfieldModel.#ctor(System.Single,System.Single,System.Single,System.UInt64,System.UInt64,System.UInt64,Starfield.Presence.PresenceClient)">
             <summary>    Create a model with arbitrary parameters with presence. </summary>
            
             <param name="xStep">             Distance between lights in the x direction. </param>
             <param name="yStep">             Distance between lights in the y direction. </param>
             <param name="zStep">             Distance between lights in the z direction. </param>
             <param name="numX">              Number of lights in the x direction. </param>
             <param name="numY">              Number of lights in the y direction. </param>
             <param name="numZ">              Number of lights in the z direction. </param>
             <param name="presenceClient">    Client to collect presence data from the presence service. </param>
        </member>
        <member name="M:Starfield.StarfieldModel.#ctor">
            <summary>    create a model with the global defaults. </summary>
        </member>
        <member name="M:Starfield.StarfieldModel.Clear">
            <summary>    set all LEDs to black. </summary>
        </member>
        <member name="M:Starfield.StarfieldModel.SetColor(System.Int32,System.Int32,System.Int32,System.Drawing.Color)">
             <summary>    set the LED color at (x, y, z) to the given color. </summary>
            
             <param name="x">     The x coordinate. </param>
             <param name="y">     The y coordinate. </param>
             <param name="z">     The z coordinate. </param>
             <param name="color"> The color. </param>
        </member>
        <member name="M:Starfield.StarfieldModel.GetColor(System.Int32,System.Int32,System.Int32)">
             <summary>    returns the color of the LED at (x, y, z) </summary>
            
             <param name="x"> The x coordinate. </param>
             <param name="y"> The y coordinate. </param>
             <param name="z"> The z coordinate. </param>
            
             <returns>    The color. </returns>
        </member>
        <member name="M:Starfield.StarfieldModel.GetPresence">
             <summary>    Gets the presence information for the Starfield. </summary>
            
             <returns>    The presence. </returns>
        </member>
        <member name="M:Starfield.StarfieldModel.Stop">
             <summary>    Stops the presence client. </summary>
            
        </member>
    </members>
</doc>
